entity,name,type,primary_key_type,coding_name,is_sparse_coding,is_multi_select,referenced_entity_field,relationship,folder_path,title,units,description
participant,PID,string,global,,,,,,Our Future Health Participant,PID,,Participant ID
participant,REGISTRATION_YEAR,integer,,,,,,,Our Future Health Participant,REGISTRATION_YEAR,,Year of Registration derived from Date of Registration
participant,REGISTRATION_MONTH,integer,,,,,,,Our Future Health Participant,REGISTRATION_MONTH,,Month of Registration derived from Date of Registration
participant,CONSENT_VERSION,string,,,,,,,Our Future Health Participant,CONSENT_VERSION,,Consent Version
participant,CONSENT_YEAR,integer,,,,,,,Our Future Health Participant,CONSENT_YEAR,,Year of Consent derived from Date of Consent
participant,CONSENT_MONTH,integer,,,,,,,Our Future Health Participant,CONSENT_MONTH,,Month of Consent derived from Date of Consent
participant,BIRTH_YEAR,integer,,BIRTH_YEAR,yes,,,,Our Future Health Participant,BIRTH_YEAR,,Year of Birth derived from Date of Birth
participant,BIRTH_MONTH,integer,,BIRTH_MONTH,yes,,,,Our Future Health Participant,BIRTH_MONTH,,Month of Birth derived from Date of Birth
participant,BLOOD_SAMPLE,integer,,BLOOD_SAMPLE,,,,,Our Future Health Participant,BLOOD_SAMPLE,,"Blood sample obtained with sufficient condition and volume for extraction of buffy coat, DNA and plasma"
participant,DEMOG_ETHNICITY_1_1,integer,,DEMOG_ETHNICITY_1_1,,,,,Our Future Health Participant,DEMOG_ETHNICITY_1_1,,What is your ethnic group? Choose one option that best describes your ethnic group or background
participant,DEMOG_GENDER_1_1,integer,,DEMOG_GENDER_1_1,,,,,Our Future Health Participant,DEMOG_GENDER_1_1,,To which gender identity do you most identify?
participant,DEMOG_GENDER_2_1,integer,,DEMOG_GENDER_2_1,,,,,Our Future Health Participant,DEMOG_GENDER_2_1,,Select the option that best describes your current gender identity
participant,DEMOG_SEX_1_1,integer,,DEMOG_SEX_1_1,,,,,Our Future Health Participant,DEMOG_SEX_1_1,,What sex was assigned to you at birth?
participant,DEMOG_SEX_2_1,integer,,DEMOG_SEX_2_1,,,,,Our Future Health Participant,DEMOG_SEX_2_1,,What sex were you registered with at birth?
questionnaire,ID,string,local,,,,,,Our Future Health Questionnaire > Questionnaire Information,ID,,Unique identifier for questionnaire response
questionnaire,PID,string,,,,,participant:PID,many_to_one,Our Future Health Questionnaire > Questionnaire Information,PID,,Participant identifier
questionnaire,QUESTIONNAIRE_VERSION,string,,,,,,,Our Future Health Questionnaire > Questionnaire Information,QUESTIONNAIRE_VERSION,,Version of questionnaire completed
questionnaire,SUBMISSION_DATE,date,,,,,,,Our Future Health Questionnaire > Questionnaire Information,SUBMISSION_DATE,,Date questionnaire was submitted
questionnaire,DEMOG_HEIGHT_1_1,float,,,,,,,Our Future Health Questionnaire > 1 About you and your household,DEMOG_HEIGHT_1_1,,What is your height?
questionnaire,DEMOG_HEIGHT_ENTER_UNIT_1_1,integer,,DEMOG_HEIGHT_ENTER_UNIT_1_1,,,,,Our Future Health Questionnaire > 1 About you and your household,DEMOG_HEIGHT_ENTER_UNIT_1_1,,How would you prefer to enter your height?
questionnaire,DEMOG_LANGUAGE_1_1,integer,,DEMOG_LANGUAGE_1_1,,,,,Our Future Health Questionnaire > 1 About you and your household,DEMOG_LANGUAGE_1_1,,What is your main language?
questionnaire,DEMOG_RELATSH_CIVIL_CURR_1_1,integer,,DEMOG_RELATSH_CIVIL_CURR_1_1,,,,,Our Future Health Questionnaire > 1 About you and your household,DEMOG_RELATSH_CIVIL_CURR_1_1,,Who is your registered civil partnership to?
questionnaire,DEMOG_RELATSH_CIVIL_PREV_1_1,integer,,DEMOG_RELATSH_CIVIL_PREV_1_1,,,,,Our Future Health Questionnaire > 1 About you and your household,DEMOG_RELATSH_CIVIL_PREV_1_1,,Who was your registered civil partnership to?
questionnaire,DEMOG_RELATSH_MARR_CURR_1_1,integer,,DEMOG_RELATSH_MARR_CURR_1_1,,,,,Our Future Health Questionnaire > 1 About you and your household,DEMOG_RELATSH_MARR_CURR_1_1,,Who is your legal marriage to?
questionnaire,DEMOG_RELATSH_MARR_PREV_1_1,integer,,DEMOG_RELATSH_MARR_PREV_1_1,,,,,Our Future Health Questionnaire > 1 About you and your household,DEMOG_RELATSH_MARR_PREV_1_1,,Who was your legal marriage to?
questionnaire,DEMOG_RELATSH_STATUS_1_1,integer,,DEMOG_RELATSH_STATUS_1_1,,,,,Our Future Health Questionnaire > 1 About you and your household,DEMOG_RELATSH_STATUS_1_1,,What is your marital status?
questionnaire,DEMOG_RELATSH_STATUS_2_1,integer,,DEMOG_RELATSH_STATUS_2_1,,,,,Our Future Health Questionnaire > 1 About you and your household,DEMOG_RELATSH_STATUS_2_1,,What is your current legal marital or registered civil partnership status?
questionnaire,DEMOG_SEXUAL_ORIENTATION_1_1,integer,,DEMOG_SEXUAL_ORIENTATION_1_1,,,,,Our Future Health Questionnaire > 1 About you and your household,DEMOG_SEXUAL_ORIENTATION_1_1,,Which of the following best describes your sexual orientation?
questionnaire,DEMOG_TRANSGENDER_1_1,integer,,DEMOG_TRANSGENDER_1_1,,,,,Our Future Health Questionnaire > 1 About you and your household,DEMOG_TRANSGENDER_1_1,,Do you identify as trans or do you have a trans history?
questionnaire,DEMOG_WEIGHT_1_1,float,,,,,,,Our Future Health Questionnaire > 1 About you and your household,DEMOG_WEIGHT_1_1,,What is your weight?
questionnaire,DEMOG_WEIGHT_ENTER_UNIT_1_1,integer,,DEMOG_WEIGHT_ENTER_UNIT_1_1,,,,,Our Future Health Questionnaire > 1 About you and your household,DEMOG_WEIGHT_ENTER_UNIT_1_1,,How would you prefer to enter your weight?
questionnaire,HOUSING_CURR_ADD_YRS_1_1,integer,,HOUSING_CURR_ADD_YRS_1_1,yes,,,,Our Future Health Questionnaire > 1 About you and your household,HOUSING_CURR_ADD_YRS_1_1,,How many years have you lived at your current address?
questionnaire,HOUSING_ENERGY_1_M,integer,,HOUSING_ENERGY_1_M,,yes,,,Our Future Health Questionnaire > 1 About you and your household,HOUSING_ENERGY_1_M,,Do you have any of the following in your home?
questionnaire,HOUSING_HEAT_1_M,integer,,HOUSING_HEAT_1_M,,yes,,,Our Future Health Questionnaire > 1 About you and your household,HOUSING_HEAT_1_M,,How is your home mainly heated?
questionnaire,HOUSING_PEOPLE_1_1,integer,,HOUSING_PEOPLE_1_1,yes,,,,Our Future Health Questionnaire > 1 About you and your household,HOUSING_PEOPLE_1_1,,"Including yourself, how many people are living together in your household?"
questionnaire,HOUSING_PEOPLE_RELATE_1_M,integer,,HOUSING_PEOPLE_RELATE_1_M,,yes,,,Our Future Health Questionnaire > 1 About you and your household,HOUSING_PEOPLE_RELATE_1_M,,How are the other people who live with you related to you?
questionnaire,HOUSING_TENURE_1_1,integer,,HOUSING_TENURE_1_1,,,,,Our Future Health Questionnaire > 1 About you and your household,HOUSING_TENURE_1_1,,Do you own or rent the accommodation that you live in?
questionnaire,HOUSING_TYPE_1_1,integer,,HOUSING_TYPE_1_1,,,,,Our Future Health Questionnaire > 1 About you and your household,HOUSING_TYPE_1_1,,What type of accommodation do you live in?
questionnaire,HOUSING_VEHICLES_1_1,integer,,HOUSING_VEHICLES_1_1,,,,,Our Future Health Questionnaire > 1 About you and your household,HOUSING_VEHICLES_1_1,,"How many cars or vans are owned, or available for use, by you or members of your household?"
questionnaire,EDU_COMP_AGE_1_1,integer,,EDU_COMP_AGE_1_1,yes,,,,Our Future Health Questionnaire > 2 Work and education,EDU_COMP_AGE_1_1,,At what age did you complete your continuous full time education?
questionnaire,EDU_COMP_AGE_2_1,integer,,EDU_COMP_AGE_2_1,yes,,,,Our Future Health Questionnaire > 2 Work and education,EDU_COMP_AGE_2_1,,At what age did you complete your continuous full-time education?
questionnaire,EDU_QUAL_1_M,integer,,EDU_QUAL_1_M,,yes,,,Our Future Health Questionnaire > 2 Work and education,EDU_QUAL_1_M,,Which of the following qualifications do you have?
questionnaire,HOUSING_INCOME_1_1,integer,,HOUSING_INCOME_1_1,,,,,Our Future Health Questionnaire > 2 Work and education,HOUSING_INCOME_1_1,,What is the average total income before tax received by your HOUSEHOLD?
questionnaire,WORK_DISTANCE_1_1,integer,,WORK_DISTANCE_1_1,yes,,,,Our Future Health Questionnaire > 2 Work and education,WORK_DISTANCE_1_1,,About how many miles is it between your home and your work?
questionnaire,WORK_MANUAL_LABOUR_1_1,integer,,WORK_MANUAL_LABOUR_1_1,,,,,Our Future Health Questionnaire > 2 Work and education,WORK_MANUAL_LABOUR_1_1,,Does your work involve heavy manual or physical work?
questionnaire,WORK_NIGHTS_1_1,integer,,WORK_NIGHTS_1_1,,,,,Our Future Health Questionnaire > 2 Work and education,WORK_NIGHTS_1_1,,Does your work involve night shifts?
questionnaire,WORK_SHIFTS_1_1,integer,,WORK_SHIFTS_1_1,,,,,Our Future Health Questionnaire > 2 Work and education,WORK_SHIFTS_1_1,,Does your work involve shift work?
questionnaire,WORK_STATUS_1_M,integer,,WORK_STATUS_1_M,,yes,,,Our Future Health Questionnaire > 2 Work and education,WORK_STATUS_1_M,,Which of the following describes your current situation?
questionnaire,WORK_STATUS_2_M,integer,,WORK_STATUS_2_M,,yes,,,Our Future Health Questionnaire > 2 Work and education,WORK_STATUS_2_M,,Which of the following describes your current situation?
questionnaire,WORK_TRANSPORT_1_M,integer,,WORK_TRANSPORT_1_M,,yes,,,Our Future Health Questionnaire > 2 Work and education,WORK_TRANSPORT_1_M,,What types of transport do you use to get to and from work?
questionnaire,WORK_WALK_STAND_1_1,integer,,WORK_WALK_STAND_1_1,,,,,Our Future Health Questionnaire > 2 Work and education,WORK_WALK_STAND_1_1,,Does your work involve walking or standing for most of the time?
questionnaire,WORK_WK_HRS_1_1,integer,,WORK_WK_HRS_1_1,yes,,,,Our Future Health Questionnaire > 2 Work and education,WORK_WK_HRS_1_1,,"In a typical WEEK, how many hours do you spend at work?"
questionnaire,WORK_WK_TRAVEL_1_1,integer,,WORK_WK_TRAVEL_1_1,yes,,,,Our Future Health Questionnaire > 2 Work and education,WORK_WK_TRAVEL_1_1,,How many times a WEEK do you travel from home to your main work?
questionnaire,WORK_YRS_1_1,integer,,WORK_YRS_1_1,yes,,,,Our Future Health Questionnaire > 2 Work and education,WORK_YRS_1_1,,How many years have you worked in your current job?
questionnaire,ACTIVITY_MOD_DAYS_1_1,integer,,ACTIVITY_MOD_DAYS_1_1,yes,,,,Our Future Health Questionnaire > 3 Your lifestyle,ACTIVITY_MOD_DAYS_1_1,,"In a typical WEEK, on how many days did you do 10 minutes or more of moderate physical activities like carrying light loads, cycling at normal pace?"
questionnaire,ACTIVITY_MOD_DAYS_2_1,integer,,ACTIVITY_MOD_DAYS_2_1,yes,,,,Our Future Health Questionnaire > 3 Your lifestyle,ACTIVITY_MOD_DAYS_2_1,,"Thinking about the last 4 weeks, in a typical WEEK, on how many days did you do 10 minutes or more of moderate physical activities like carrying light loads, cycling at normal pace?"
questionnaire,ACTIVITY_MOD_MINS_1_1,integer,,ACTIVITY_MOD_MINS_1_1,yes,,,,Our Future Health Questionnaire > 3 Your lifestyle,ACTIVITY_MOD_MINS_1_1,,How many minutes did you usually spend doing moderate activities on a typical DAY?
questionnaire,ACTIVITY_MOD_MINS_2_1,integer,,ACTIVITY_MOD_MINS_2_1,yes,,,,Our Future Health Questionnaire > 3 Your lifestyle,ACTIVITY_MOD_MINS_2_1,,"Thinking about the last 4 weeks, how many minutes did you usually spend doing moderate physical activities on a typical DAY?"
questionnaire,ACTIVITY_STAIRS_1_1,integer,,ACTIVITY_STAIRS_1_1,,,,,Our Future Health Questionnaire > 3 Your lifestyle,ACTIVITY_STAIRS_1_1,,"At home, during the last 4 weeks, about how many times a DAY do you climb a flight of stairs?"
questionnaire,ACTIVITY_TRANSPORT_1_M,integer,,ACTIVITY_TRANSPORT_1_M,,yes,,,Our Future Health Questionnaire > 3 Your lifestyle,ACTIVITY_TRANSPORT_1_M,,"In the last 4 weeks, which forms of transport have you used most often to get about?"
questionnaire,ACTIVITY_TYPE_1_M,integer,,ACTIVITY_TYPE_1_M,,yes,,,Our Future Health Questionnaire > 3 Your lifestyle,ACTIVITY_TYPE_1_M,,In the last 4 weeks did you spend any time doing the following?
questionnaire,ACTIVITY_TYPE_DIY_HEAVY_1_1,integer,,ACTIVITY_TYPE_DIY_HEAVY_1_1,,,,,Our Future Health Questionnaire > 3 Your lifestyle,ACTIVITY_TYPE_DIY_HEAVY_1_1,,How many times in the last 4 weeks did you do heavy DIY?
questionnaire,ACTIVITY_TYPE_DIY_HEAVY_DUR_1_1,integer,,ACTIVITY_TYPE_DIY_HEAVY_DUR_1_1,,,,,Our Future Health Questionnaire > 3 Your lifestyle,ACTIVITY_TYPE_DIY_HEAVY_DUR_1_1,,"Each time you did heavy DIY, about how long did you spend doing it?"
questionnaire,ACTIVITY_TYPE_DIY_LIGHT_1_1,integer,,ACTIVITY_TYPE_DIY_LIGHT_1_1,,,,,Our Future Health Questionnaire > 3 Your lifestyle,ACTIVITY_TYPE_DIY_LIGHT_1_1,,How many times in the last 4 weeks did you do light DIY?
questionnaire,ACTIVITY_TYPE_DIY_LIGHT_DUR_1_1,integer,,ACTIVITY_TYPE_DIY_LIGHT_DUR_1_1,,,,,Our Future Health Questionnaire > 3 Your lifestyle,ACTIVITY_TYPE_DIY_LIGHT_DUR_1_1,,"Each time you did light DIY, about how long did you spend doing it?"
questionnaire,ACTIVITY_TYPE_EXERCISE_1_1,integer,,ACTIVITY_TYPE_EXERCISE_1_1,,,,,Our Future Health Questionnaire > 3 Your lifestyle,ACTIVITY_TYPE_EXERCISE_1_1,,"How many times in the last 4 weeks did you do other exercises such as swimming, cycling, keep fit?"
questionnaire,ACTIVITY_TYPE_EXERCISE_DUR_1_1,integer,,ACTIVITY_TYPE_EXERCISE_DUR_1_1,,,,,Our Future Health Questionnaire > 3 Your lifestyle,ACTIVITY_TYPE_EXERCISE_DUR_1_1,,"Each time you did other exercises such as swimming, cycling, keep fit, about how long did you spend doing them?"
questionnaire,ACTIVITY_TYPE_STREN_1_1,integer,,ACTIVITY_TYPE_STREN_1_1,,,,,Our Future Health Questionnaire > 3 Your lifestyle,ACTIVITY_TYPE_STREN_1_1,,How many times in the last 4 weeks did you do strenuous sports?
questionnaire,ACTIVITY_TYPE_STREN_DUR_1_1,integer,,ACTIVITY_TYPE_STREN_DUR_1_1,,,,,Our Future Health Questionnaire > 3 Your lifestyle,ACTIVITY_TYPE_STREN_DUR_1_1,,"Each time you did strenuous sports, about how long did you spend doing it?"
questionnaire,ACTIVITY_TYPE_WALK_1_1,integer,,ACTIVITY_TYPE_WALK_1_1,,,,,Our Future Health Questionnaire > 3 Your lifestyle,ACTIVITY_TYPE_WALK_1_1,,How many times in the last 4 weeks did you go walking for pleasure?
questionnaire,ACTIVITY_TYPE_WALK_DUR_1_1,integer,,ACTIVITY_TYPE_WALK_DUR_1_1,,,,,Our Future Health Questionnaire > 3 Your lifestyle,ACTIVITY_TYPE_WALK_DUR_1_1,,"Each time you went walking for pleasure, about how long did you spend doing it?"
questionnaire,ACTIVITY_VIG_DAYS_1_1,integer,,ACTIVITY_VIG_DAYS_1_1,yes,,,,Our Future Health Questionnaire > 3 Your lifestyle,ACTIVITY_VIG_DAYS_1_1,,"In a typical WEEK, how many days did you do 10 minutes or more of vigorous physical activity?"
questionnaire,ACTIVITY_VIG_DAYS_2_1,integer,,ACTIVITY_VIG_DAYS_2_1,yes,,,,Our Future Health Questionnaire > 3 Your lifestyle,ACTIVITY_VIG_DAYS_2_1,,"Thinking about the last 4 weeks, in a typical WEEK, how many days did you do 10 minutes or more of vigorous physical activity?"
questionnaire,ACTIVITY_VIG_MINS_1_1,integer,,ACTIVITY_VIG_MINS_1_1,yes,,,,Our Future Health Questionnaire > 3 Your lifestyle,ACTIVITY_VIG_MINS_1_1,,How many minutes did you usually spend doing vigorous activities on a typical DAY?
questionnaire,ACTIVITY_VIG_MINS_2_1,integer,,ACTIVITY_VIG_MINS_2_1,yes,,,,Our Future Health Questionnaire > 3 Your lifestyle,ACTIVITY_VIG_MINS_2_1,,"Thinking about the last 4 weeks, how many minutes did you usually spend doing vigorous activities on a typical DAY?"
questionnaire,ACTIVITY_WALK_DAYS_1_1,integer,,ACTIVITY_WALK_DAYS_1_1,yes,,,,Our Future Health Questionnaire > 3 Your lifestyle,ACTIVITY_WALK_DAYS_1_1,,"In a typical WEEK, on how many days did you walk for at least 10 minutes at a time?"
questionnaire,ACTIVITY_WALK_DAYS_2_1,integer,,ACTIVITY_WALK_DAYS_2_1,yes,,,,Our Future Health Questionnaire > 3 Your lifestyle,ACTIVITY_WALK_DAYS_2_1,,"Thinking about the last 4 weeks, in a typical WEEK, on how many days did you walk for at least 10 minutes at a time?"
questionnaire,ACTIVITY_WALK_MINS_1_1,integer,,ACTIVITY_WALK_MINS_1_1,yes,,,,Our Future Health Questionnaire > 3 Your lifestyle,ACTIVITY_WALK_MINS_1_1,,How many minutes did you usually spend walking on a typical DAY?
questionnaire,ACTIVITY_WALK_MINS_2_1,integer,,ACTIVITY_WALK_MINS_2_1,yes,,,,Our Future Health Questionnaire > 3 Your lifestyle,ACTIVITY_WALK_MINS_2_1,,"Thinking about the last 4 weeks, how many minutes did you usually spend walking on a typical DAY?"
questionnaire,ACTIVITY_WALK_PACE_1_1,integer,,ACTIVITY_WALK_PACE_1_1,,,,,Our Future Health Questionnaire > 3 Your lifestyle,ACTIVITY_WALK_PACE_1_1,,How would you describe your usual walking pace?
questionnaire,ALCOHOL_BEER_MTH_1_1,integer,,ALCOHOL_BEER_MTH_1_1,yes,,,,Our Future Health Questionnaire > 3 Your lifestyle,ALCOHOL_BEER_MTH_1_1,,"In an average MONTH, how many pints of beer or cider would you drink?"
questionnaire,ALCOHOL_BEER_MTH_2_1,integer,,ALCOHOL_BEER_MTH_2_1,yes,,,,Our Future Health Questionnaire > 3 Your lifestyle,ALCOHOL_BEER_MTH_2_1,,"In an average MONTH, how many pints of beer or cider would you drink?"
questionnaire,ALCOHOL_BEER_WK_1_1,integer,,ALCOHOL_BEER_WK_1_1,yes,,,,Our Future Health Questionnaire > 3 Your lifestyle,ALCOHOL_BEER_WK_1_1,,"In an average WEEK, how many pints of beer or cider would you drink?"
questionnaire,ALCOHOL_CHG_1_1,integer,,ALCOHOL_CHG_1_1,,,,,Our Future Health Questionnaire > 3 Your lifestyle,ALCOHOL_CHG_1_1,,"Compared to 10 years ago, do you drink?"
questionnaire,ALCOHOL_CHG_ABST_REASON_1_1,integer,,ALCOHOL_CHG_ABST_REASON_1_1,,,,,Our Future Health Questionnaire > 3 Your lifestyle,ALCOHOL_CHG_ABST_REASON_1_1,,Why did you stop drinking alcohol?
questionnaire,ALCOHOL_CHG_ABST_REASON_2_M,integer,,ALCOHOL_CHG_ABST_REASON_2_M,,yes,,,Our Future Health Questionnaire > 3 Your lifestyle,ALCOHOL_CHG_ABST_REASON_2_M,,"Which of the following, if any, do you think contributed to you stopping drinking alcohol?"
questionnaire,ALCOHOL_CHG_REDUCE_REASON_1_1,integer,,ALCOHOL_CHG_REDUCE_REASON_1_1,,,,,Our Future Health Questionnaire > 3 Your lifestyle,ALCOHOL_CHG_REDUCE_REASON_1_1,,Why did you reduce the amount you drank?
questionnaire,ALCOHOL_CHG_REDUCE_REASON_2_M,integer,,ALCOHOL_CHG_REDUCE_REASON_2_M,,yes,,,Our Future Health Questionnaire > 3 Your lifestyle,ALCOHOL_CHG_REDUCE_REASON_2_M,,"Which of the following, if any, do you think contributed to you reducing the amount you drank?"
questionnaire,ALCOHOL_CURR_1_1,integer,,ALCOHOL_CURR_1_1,,,,,Our Future Health Questionnaire > 3 Your lifestyle,ALCOHOL_CURR_1_1,,About how often do you drink alcohol?
questionnaire,ALCOHOL_FOOD_1_1,integer,,ALCOHOL_FOOD_1_1,,,,,Our Future Health Questionnaire > 3 Your lifestyle,ALCOHOL_FOOD_1_1,,When you drink alcohol is it usually with meals?
questionnaire,ALCOHOL_OTHER_MTH_1_1,integer,,ALCOHOL_OTHER_MTH_1_1,yes,,,,Our Future Health Questionnaire > 3 Your lifestyle,ALCOHOL_OTHER_MTH_1_1,,"In an average MONTH, how many glasses of other alcoholic drinks (such as alcopops) would you drink?"
questionnaire,ALCOHOL_OTHER_MTH_2_1,integer,,ALCOHOL_OTHER_MTH_2_1,yes,,,,Our Future Health Questionnaire > 3 Your lifestyle,ALCOHOL_OTHER_MTH_2_1,,"In an average MONTH, how many glasses of other alcoholic drinks (such as alcopops) would you drink?"
questionnaire,ALCOHOL_OTHER_WK_1_1,integer,,ALCOHOL_OTHER_WK_1_1,yes,,,,Our Future Health Questionnaire > 3 Your lifestyle,ALCOHOL_OTHER_WK_1_1,,"In an average WEEK, how many glasses of other alcoholic drinks (such as alcopops) would you drink?"
questionnaire,ALCOHOL_PREV_1_1,integer,,ALCOHOL_PREV_1_1,,,,,Our Future Health Questionnaire > 3 Your lifestyle,ALCOHOL_PREV_1_1,,Did you previously drink alcohol?
questionnaire,ALCOHOL_SPIRITS_MTH_1_1,integer,,ALCOHOL_SPIRITS_MTH_1_1,yes,,,,Our Future Health Questionnaire > 3 Your lifestyle,ALCOHOL_SPIRITS_MTH_1_1,,"In an average MONTH, how many measures of spirits or liqueurs would you drink?"
questionnaire,ALCOHOL_SPIRITS_MTH_2_1,integer,,ALCOHOL_SPIRITS_MTH_2_1,yes,,,,Our Future Health Questionnaire > 3 Your lifestyle,ALCOHOL_SPIRITS_MTH_2_1,,"In an average MONTH, how many measures of spirits or liqueurs would you drink?"
questionnaire,ALCOHOL_SPIRITS_WK_1_1,integer,,ALCOHOL_SPIRITS_WK_1_1,yes,,,,Our Future Health Questionnaire > 3 Your lifestyle,ALCOHOL_SPIRITS_WK_1_1,,"In an average WEEK, how many measures of spirits or liqueurs would you drink?"
questionnaire,ALCOHOL_WINE_FORT_MTH_1_1,integer,,ALCOHOL_WINE_FORT_MTH_1_1,yes,,,,Our Future Health Questionnaire > 3 Your lifestyle,ALCOHOL_WINE_FORT_MTH_1_1,,"In an average MONTH, how many glasses of fortified wine would you drink?"
questionnaire,ALCOHOL_WINE_FORT_MTH_2_1,integer,,ALCOHOL_WINE_FORT_MTH_2_1,yes,,,,Our Future Health Questionnaire > 3 Your lifestyle,ALCOHOL_WINE_FORT_MTH_2_1,,"In an average MONTH, how many glasses of fortified wine would you drink?"
questionnaire,ALCOHOL_WINE_FORT_WK_1_1,integer,,ALCOHOL_WINE_FORT_WK_1_1,yes,,,,Our Future Health Questionnaire > 3 Your lifestyle,ALCOHOL_WINE_FORT_WK_1_1,,"In an average WEEK, how many glasses of fortified wine would you drink?"
questionnaire,ALCOHOL_WINE_RED_MTH_1_1,integer,,ALCOHOL_WINE_RED_MTH_1_1,yes,,,,Our Future Health Questionnaire > 3 Your lifestyle,ALCOHOL_WINE_RED_MTH_1_1,,"In an average MONTH, how many glasses of RED wine would you drink?"
questionnaire,ALCOHOL_WINE_RED_MTH_2_1,integer,,ALCOHOL_WINE_RED_MTH_2_1,yes,,,,Our Future Health Questionnaire > 3 Your lifestyle,ALCOHOL_WINE_RED_MTH_2_1,,"In an average MONTH, how many glasses of RED wine would you drink?"
questionnaire,ALCOHOL_WINE_RED_WK_1_1,integer,,ALCOHOL_WINE_RED_WK_1_1,yes,,,,Our Future Health Questionnaire > 3 Your lifestyle,ALCOHOL_WINE_RED_WK_1_1,,"In an average WEEK, how many glasses of RED wine would you drink?"
questionnaire,ALCOHOL_WINE_WHITE_MTH_1_1,integer,,ALCOHOL_WINE_WHITE_MTH_1_1,yes,,,,Our Future Health Questionnaire > 3 Your lifestyle,ALCOHOL_WINE_WHITE_MTH_1_1,,"In an average MONTH, how many glasses of WHITE wine or champagne would you drink?"
questionnaire,ALCOHOL_WINE_WHITE_MTH_2_1,integer,,ALCOHOL_WINE_WHITE_MTH_2_1,yes,,,,Our Future Health Questionnaire > 3 Your lifestyle,ALCOHOL_WINE_WHITE_MTH_2_1,,"In an average MONTH, how many glasses of WHITE wine or champagne would you drink?"
questionnaire,ALCOHOL_WINE_WHITE_WK_1_1,integer,,ALCOHOL_WINE_WHITE_WK_1_1,yes,,,,Our Future Health Questionnaire > 3 Your lifestyle,ALCOHOL_WINE_WHITE_WK_1_1,,"In an average WEEK, how many glasses of WHITE wine or champagne would you drink?"
questionnaire,LIFESTYLE_DRIVE_HRS_1_1,integer,,LIFESTYLE_DRIVE_HRS_1_1,yes,,,,Our Future Health Questionnaire > 3 Your lifestyle,LIFESTYLE_DRIVE_HRS_1_1,,"In a typical DAY, how many hours do you spend driving?"
questionnaire,LIFESTYLE_OUTDOOR_SUM_HRS_1_1,integer,,LIFESTYLE_OUTDOOR_SUM_HRS_1_1,yes,,,,Our Future Health Questionnaire > 3 Your lifestyle,LIFESTYLE_OUTDOOR_SUM_HRS_1_1,,"In a typical DAY in summer, how many hours do you spend outdoors?"
questionnaire,LIFESTYLE_OUTDOOR_WIN_HRS_1_1,integer,,LIFESTYLE_OUTDOOR_WIN_HRS_1_1,yes,,,,Our Future Health Questionnaire > 3 Your lifestyle,LIFESTYLE_OUTDOOR_WIN_HRS_1_1,,"In a typical DAY in winter, how many hours do you spend outdoors?"
questionnaire,LIFESTYLE_SCREEN_PC_HRS_1_1,integer,,LIFESTYLE_SCREEN_PC_HRS_1_1,yes,,,,Our Future Health Questionnaire > 3 Your lifestyle,LIFESTYLE_SCREEN_PC_HRS_1_1,,"In a typical DAY, how many hours do you spend using the computer?"
questionnaire,LIFESTYLE_SCREEN_PC_HRS_2_1,integer,,LIFESTYLE_SCREEN_PC_HRS_2_1,yes,,,,Our Future Health Questionnaire > 3 Your lifestyle,LIFESTYLE_SCREEN_PC_HRS_2_1,,"In a typical DAY, how many hours do you usually spend with computers, cell phones, handheld video games, and other electronic devices?"
questionnaire,LIFESTYLE_SCREEN_TV_HRS_1_1,integer,,LIFESTYLE_SCREEN_TV_HRS_1_1,yes,,,,Our Future Health Questionnaire > 3 Your lifestyle,LIFESTYLE_SCREEN_TV_HRS_1_1,,"In a typical DAY, how many hours do you spend watching TV?"
questionnaire,LIFESTYLE_SCREEN_TV_HRS_2_1,integer,,LIFESTYLE_SCREEN_TV_HRS_2_1,yes,,,,Our Future Health Questionnaire > 3 Your lifestyle,LIFESTYLE_SCREEN_TV_HRS_2_1,,"In a typical DAY, how many hours do you usually spend in front of a TV watching TV programs, videos, or playing video games?"
questionnaire,LIFESTYLE_SOCIAL_REC_1_M,integer,,LIFESTYLE_SOCIAL_REC_1_M,,yes,,,Our Future Health Questionnaire > 3 Your lifestyle,LIFESTYLE_SOCIAL_REC_1_M,,Which of the following do you attend once a week or more often?
questionnaire,LIFESTYLE_SOCIAL_VISITS_1_1,integer,,LIFESTYLE_SOCIAL_VISITS_1_1,,,,,Our Future Health Questionnaire > 3 Your lifestyle,LIFESTYLE_SOCIAL_VISITS_1_1,,How often do you visit friends or family or have them visit you?
questionnaire,SLEEP_CHRONOTYPE_1_1,integer,,SLEEP_CHRONOTYPE_1_1,,,,,Our Future Health Questionnaire > 3 Your lifestyle,SLEEP_CHRONOTYPE_1_1,,Do you consider yourself to be?
questionnaire,SLEEP_DAYTIME_1_1,integer,,SLEEP_DAYTIME_1_1,,,,,Our Future Health Questionnaire > 3 Your lifestyle,SLEEP_DAYTIME_1_1,,How likely are you to doze off or fall asleep during the daytime when you don't mean to?
questionnaire,SLEEP_HRS_1_1,integer,,SLEEP_HRS_1_1,yes,,,,Our Future Health Questionnaire > 3 Your lifestyle,SLEEP_HRS_1_1,,About how many hours sleep do you get in every 24 hours?
questionnaire,SLEEP_NAPPING_1_1,integer,,SLEEP_NAPPING_1_1,,,,,Our Future Health Questionnaire > 3 Your lifestyle,SLEEP_NAPPING_1_1,,Do you have a nap during the day?
questionnaire,SLEEP_SNORING_1_1,integer,,SLEEP_SNORING_1_1,,,,,Our Future Health Questionnaire > 3 Your lifestyle,SLEEP_SNORING_1_1,,Does your partner or a close relative or friend complain about your snoring?
questionnaire,SLEEP_TROUBLE_1_1,integer,,SLEEP_TROUBLE_1_1,,,,,Our Future Health Questionnaire > 3 Your lifestyle,SLEEP_TROUBLE_1_1,,Do you have trouble falling asleep at night or do you wake up in the middle of the night?
questionnaire,SLEEP_WAKING_1_1,integer,,SLEEP_WAKING_1_1,,,,,Our Future Health Questionnaire > 3 Your lifestyle,SLEEP_WAKING_1_1,,"On an average day, how easy do you find getting up in the morning?"
questionnaire,SMOKE_100_TIMES_1_1,integer,,SMOKE_100_TIMES_1_1,,,,,Our Future Health Questionnaire > 3 Your lifestyle,SMOKE_100_TIMES_1_1,,"In your lifetime, have you smoked a total of at least 100 times?"
questionnaire,SMOKE_100_TIMES_2_1,integer,,SMOKE_100_TIMES_2_1,,,,,Our Future Health Questionnaire > 3 Your lifestyle,SMOKE_100_TIMES_2_1,,On how many occasions have you smoked cigarettes in your life?
questionnaire,SMOKE_AVG_1_1,integer,,SMOKE_AVG_1_1,yes,,,,Our Future Health Questionnaire > 3 Your lifestyle,SMOKE_AVG_1_1,,About how many cigarettes did you smoke on average each day?
questionnaire,SMOKE_AVG_2_1,integer,,SMOKE_AVG_2_1,yes,,,,Our Future Health Questionnaire > 3 Your lifestyle,SMOKE_AVG_2_1,,On the days that you smoked how many cigarettes did you smoke per day on average?
questionnaire,SMOKE_AVG_PREV_1_1,integer,,SMOKE_AVG_PREV_1_1,yes,,,,Our Future Health Questionnaire > 3 Your lifestyle,SMOKE_AVG_PREV_1_1,,About how many cigarettes did you smoke on average each day?
questionnaire,SMOKE_CHG_1_1,integer,,SMOKE_CHG_1_1,,,,,Our Future Health Questionnaire > 3 Your lifestyle,SMOKE_CHG_1_1,,Compared to 10 years ago do you smoke...
questionnaire,SMOKE_CHG_2_1,integer,,SMOKE_CHG_2_1,,,,,Our Future Health Questionnaire > 3 Your lifestyle,SMOKE_CHG_2_1,,Compared to 10 years ago do you smoke...
questionnaire,SMOKE_CHG_ABST_1_1,integer,,SMOKE_CHG_ABST_1_1,,,,,Our Future Health Questionnaire > 3 Your lifestyle,SMOKE_CHG_ABST_1_1,,"In the time that you smoked, did you ever stop for more than 6 months?"
questionnaire,SMOKE_CHG_ABST_2_1,integer,,SMOKE_CHG_ABST_2_1,,,,,Our Future Health Questionnaire > 3 Your lifestyle,SMOKE_CHG_ABST_2_1,,"In the time that you have smoked, have you ever stopped for more than 6 months?"
questionnaire,SMOKE_CHG_ABST_REASON_1_M,integer,,SMOKE_CHG_ABST_REASON_1_M,,yes,,,Our Future Health Questionnaire > 3 Your lifestyle,SMOKE_CHG_ABST_REASON_1_M,,"When you stopped smoking for more than 6 months, why did you stop?"
questionnaire,SMOKE_CHG_REDUCE_ABST_1_1,integer,,SMOKE_CHG_REDUCE_ABST_1_1,,,,,Our Future Health Questionnaire > 3 Your lifestyle,SMOKE_CHG_REDUCE_ABST_1_1,,"In the time that you have smoked, have you ever stopped for more than 6 months?"
questionnaire,SMOKE_CHG_REDUCE_ABST_REASON_1_M,integer,,SMOKE_CHG_REDUCE_ABST_REASON_1_M,,yes,,,Our Future Health Questionnaire > 3 Your lifestyle,SMOKE_CHG_REDUCE_ABST_REASON_1_M,,"When you stopped smoking for more than 6 months, why did you stop?"
questionnaire,SMOKE_CHG_REDUCE_REASON_1_M,integer,,SMOKE_CHG_REDUCE_REASON_1_M,,yes,,,Our Future Health Questionnaire > 3 Your lifestyle,SMOKE_CHG_REDUCE_REASON_1_M,,Why did you reduce your smoking?
questionnaire,SMOKE_CHG_REDUCE_REASON_2_M,integer,,SMOKE_CHG_REDUCE_REASON_2_M,,yes,,,Our Future Health Questionnaire > 3 Your lifestyle,SMOKE_CHG_REDUCE_REASON_2_M,,Why did you reduce your smoking?
questionnaire,SMOKE_EXPOSE_HOUSE_HRS_1_1,integer,,SMOKE_EXPOSE_HOUSE_HRS_1_1,yes,,,,Our Future Health Questionnaire > 3 Your lifestyle,SMOKE_EXPOSE_HOUSE_HRS_1_1,,"At home, about how many hours per WEEK are you exposed to other people's tobacco smoke?"
questionnaire,SMOKE_EXPOSE_OUTSIDE_HRS_1_1,integer,,SMOKE_EXPOSE_OUTSIDE_HRS_1_1,yes,,,,Our Future Health Questionnaire > 3 Your lifestyle,SMOKE_EXPOSE_OUTSIDE_HRS_1_1,,"Outside of your home, about how many hours per WEEK are you exposed to other people's tobacco smoke?"
questionnaire,SMOKE_EXPOSURE_1_1,integer,,SMOKE_EXPOSURE_1_1,,,,,Our Future Health Questionnaire > 3 Your lifestyle,SMOKE_EXPOSURE_1_1,,"In the past year, about how often were you around tobacco smoke from other people smoking in your home or at work?"
questionnaire,SMOKE_EXPOSURE_HRS_1_1,integer,,SMOKE_EXPOSURE_HRS_1_1,,,,,Our Future Health Questionnaire > 3 Your lifestyle,SMOKE_EXPOSURE_HRS_1_1,,"On days you were around other people's tobacco smoke in the past year in your home or work, about how many hours per day were you around it?"
questionnaire,SMOKE_FIRST_AGE_1_1,integer,,SMOKE_FIRST_AGE_1_1,yes,,,,Our Future Health Questionnaire > 3 Your lifestyle,SMOKE_FIRST_AGE_1_1,,How old were you when you first started smoking on most days?
questionnaire,SMOKE_FIRST_AGE_2_1,integer,,SMOKE_FIRST_AGE_2_1,yes,,,,Our Future Health Questionnaire > 3 Your lifestyle,SMOKE_FIRST_AGE_2_1,,How old were you when you FIRST smoked on most days?
questionnaire,SMOKE_HOUSE_1_1,integer,,SMOKE_HOUSE_1_1,,,,,Our Future Health Questionnaire > 3 Your lifestyle,SMOKE_HOUSE_1_1,,Does anyone in your household smoke?
questionnaire,SMOKE_PREV_AGE_1_1,integer,,SMOKE_PREV_AGE_1_1,yes,,,,Our Future Health Questionnaire > 3 Your lifestyle,SMOKE_PREV_AGE_1_1,,How old were you when you last smoked on most days?
questionnaire,SMOKE_PREV_AGE_2_1,integer,,SMOKE_PREV_AGE_2_1,yes,,,,Our Future Health Questionnaire > 3 Your lifestyle,SMOKE_PREV_AGE_2_1,,How old were you when you last smoked on most days?
questionnaire,SMOKE_PREV_REDUCE_REASON_1_M,integer,,SMOKE_PREV_REDUCE_REASON_1_M,,yes,,,Our Future Health Questionnaire > 3 Your lifestyle,SMOKE_PREV_REDUCE_REASON_1_M,,Why did you stop smoking?
questionnaire,SMOKE_PREV_REDUCE_REASON_2_M,integer,,SMOKE_PREV_REDUCE_REASON_2_M,,yes,,,Our Future Health Questionnaire > 3 Your lifestyle,SMOKE_PREV_REDUCE_REASON_2_M,,Why did you stop or reduce your smoking?
questionnaire,SMOKE_PREV_REG_1_1,integer,,SMOKE_PREV_REG_1_1,,,,,Our Future Health Questionnaire > 3 Your lifestyle,SMOKE_PREV_REG_1_1,,Did you previously smoke cigarettes on most or all days?
questionnaire,SMOKE_PREV_REG_2_1,integer,,SMOKE_PREV_REG_2_1,,,,,Our Future Health Questionnaire > 3 Your lifestyle,SMOKE_PREV_REG_2_1,,Did you ever smoke cigarettes on most or all days?
questionnaire,SMOKE_PREV_TYPE_1_1,integer,,SMOKE_PREV_TYPE_1_1,,,,,Our Future Health Questionnaire > 3 Your lifestyle,SMOKE_PREV_TYPE_1_1,,What type of tobacco did you usually smoke?
questionnaire,SMOKE_REG_1_M,integer,,SMOKE_REG_1_M,,yes,,,Our Future Health Questionnaire > 3 Your lifestyle,SMOKE_REG_1_M,,Have you ever REGULARLY used any of these tobacco products?
questionnaire,SMOKE_REG_DAY_1_1,integer,,SMOKE_REG_DAY_1_1,yes,,,,Our Future Health Questionnaire > 3 Your lifestyle,SMOKE_REG_DAY_1_1,,About how many cigarettes do you smoke on average each day?
questionnaire,SMOKE_REG_DAY_2_1,integer,,SMOKE_REG_DAY_2_1,yes,,,,Our Future Health Questionnaire > 3 Your lifestyle,SMOKE_REG_DAY_2_1,,"On the days that you smoke, how many cigarettes do you smoke per day on average?"
questionnaire,SMOKE_REG_FIRST_AGE_1_1,integer,,SMOKE_REG_FIRST_AGE_1_1,yes,,,,Our Future Health Questionnaire > 3 Your lifestyle,SMOKE_REG_FIRST_AGE_1_1,,How old were you when you first started smoking on most days?
questionnaire,SMOKE_REG_FIRST_AGE_2_1,integer,,SMOKE_REG_FIRST_AGE_2_1,yes,,,,Our Future Health Questionnaire > 3 Your lifestyle,SMOKE_REG_FIRST_AGE_2_1,,How old were you when you first started smoking on a REGULAR basis?
questionnaire,SMOKE_REG_TYPE_1_1,integer,,SMOKE_REG_TYPE_1_1,,,,,Our Future Health Questionnaire > 3 Your lifestyle,SMOKE_REG_TYPE_1_1,,What type of tobacco do you mainly smoke?
questionnaire,SMOKE_REG_TYPE_2_1,integer,,SMOKE_REG_TYPE_2_1,,,,,Our Future Health Questionnaire > 3 Your lifestyle,SMOKE_REG_TYPE_2_1,,What type of cigarettes have you mainly smoked?
questionnaire,SMOKE_STATUS_1_1,integer,,SMOKE_STATUS_1_1,,,,,Our Future Health Questionnaire > 3 Your lifestyle,SMOKE_STATUS_1_1,,Do you smoke tobacco now?
questionnaire,SMOKE_STATUS_2_1,integer,,SMOKE_STATUS_2_1,,,,,Our Future Health Questionnaire > 3 Your lifestyle,SMOKE_STATUS_2_1,,Do you smoke cigarettes now?
questionnaire,SMOKE_TOBACCO_AGE_1_1,integer,,SMOKE_TOBACCO_AGE_1_1,yes,,,,Our Future Health Questionnaire > 3 Your lifestyle,SMOKE_TOBACCO_AGE_1_1,,How old were you when you first smoked a cigarette?
questionnaire,SMOKE_TOBACCO_PREV_1_1,integer,,SMOKE_TOBACCO_PREV_1_1,,,,,Our Future Health Questionnaire > 3 Your lifestyle,SMOKE_TOBACCO_PREV_1_1,,"In the past, how often have you smoked tobacco?"
questionnaire,SMOKE_TOBACCO_TYPE_1_M,integer,,SMOKE_TOBACCO_TYPE_1_M,,yes,,,Our Future Health Questionnaire > 3 Your lifestyle,SMOKE_TOBACCO_TYPE_1_M,,"Have you ever used any of these tobacco products, even once?"
questionnaire,SMOKE_VAPE_1_1,integer,,SMOKE_VAPE_1_1,,,,,Our Future Health Questionnaire > 3 Your lifestyle,SMOKE_VAPE_1_1,,Have you ever used an electronic cigarette?
questionnaire,SMOKE_VAPE_AGE_1_1,integer,,SMOKE_VAPE_AGE_1_1,yes,,,,Our Future Health Questionnaire > 3 Your lifestyle,SMOKE_VAPE_AGE_1_1,,How old were you when you first used an e-cigarette (vaping)?
questionnaire,SMOKE_VAPE_AGE_2_1,integer,,SMOKE_VAPE_AGE_2_1,yes,,,,Our Future Health Questionnaire > 3 Your lifestyle,SMOKE_VAPE_AGE_2_1,,How old were you when you first used an e-cigarette (vaping)?
questionnaire,SMOKE_VAPE_AVG_1_1,integer,,SMOKE_VAPE_AVG_1_1,,,,,Our Future Health Questionnaire > 3 Your lifestyle,SMOKE_VAPE_AVG_1_1,,"How often, on average, did you use e-cigarettes (vaping) during the past 12 months?"
questionnaire,SMOKE_VAPE_AVG_2_1,integer,,SMOKE_VAPE_AVG_2_1,,,,,Our Future Health Questionnaire > 3 Your lifestyle,SMOKE_VAPE_AVG_2_1,,"How often, on average, did you use e-cigarettes (vaping) during the past 12 months?"
questionnaire,SMOKE_VAPE_TYPE_1_M,integer,,SMOKE_VAPE_TYPE_1_M,,yes,,,Our Future Health Questionnaire > 3 Your lifestyle,SMOKE_VAPE_TYPE_1_M,,What type of e-liquids/cartridges do you or did you use in your e-cigarettes?
questionnaire,SMOKE_VAPE_TYPE_2_M,integer,,SMOKE_VAPE_TYPE_2_M,,yes,,,Our Future Health Questionnaire > 3 Your lifestyle,SMOKE_VAPE_TYPE_2_M,,What type of e-liquids/cartridges do you or did you use in your e-cigarettes?
questionnaire,SMOKE_VAPE_USE_1_1,integer,,SMOKE_VAPE_USE_1_1,,,,,Our Future Health Questionnaire > 3 Your lifestyle,SMOKE_VAPE_USE_1_1,,When you used your first e-cigarette (vaping)?
questionnaire,SMOKE_VAPE_USE_2_1,integer,,SMOKE_VAPE_USE_2_1,,,,,Our Future Health Questionnaire > 3 Your lifestyle,SMOKE_VAPE_USE_2_1,,When you used your first e-cigarette (vaping)...
questionnaire,ADOPTION_STATUS_1_1,integer,,ADOPTION_STATUS_1_1,,,,,Our Future Health Questionnaire > 4 Family health history,ADOPTION_STATUS_1_1,,Were you adopted as a child?
questionnaire,BIRTH_PLACE_1_1,integer,,BIRTH_PLACE_1_1,,,,,Our Future Health Questionnaire > 4 Family health history,BIRTH_PLACE_1_1,,Where were you born?
questionnaire,FATHER_AGE_1_1,integer,,FATHER_AGE_1_1,yes,,,,Our Future Health Questionnaire > 4 Family health history,FATHER_AGE_1_1,,What is his age now?
questionnaire,FATHER_AGE_DECEASED_1_1,integer,,FATHER_AGE_DECEASED_1_1,yes,,,,Our Future Health Questionnaire > 4 Family health history,FATHER_AGE_DECEASED_1_1,,What was his age when he died?
questionnaire,FATHER_ALIVE_1_1,integer,,FATHER_ALIVE_1_1,,,,,Our Future Health Questionnaire > 4 Family health history,FATHER_ALIVE_1_1,,Is your biological father still alive?
questionnaire,FATHER_DIAG_A_1_M,integer,,FATHER_DIAG_A_1_M,,yes,,,Our Future Health Questionnaire > 4 Family health history,FATHER_DIAG_A_1_M,,Has/did your biological father ever suffer from?
questionnaire,FATHER_DIAG_A_2_M,integer,,FATHER_DIAG_A_2_M,,yes,,,Our Future Health Questionnaire > 4 Family health history,FATHER_DIAG_A_2_M,,Has/did your biological father ever suffer from?
questionnaire,FATHER_DIAG_ANAEMIA_1_M,integer,,FATHER_DIAG_ANAEMIA_1_M,,yes,,,Our Future Health Questionnaire > 4 Family health history,FATHER_DIAG_ANAEMIA_1_M,,Has/was your father ever diagnosed with any of the following types of anaemia?
questionnaire,FATHER_DIAG_AUTO_1_M,integer,,FATHER_DIAG_AUTO_1_M,,yes,,,Our Future Health Questionnaire > 4 Family health history,FATHER_DIAG_AUTO_1_M,,Has/was your father ever diagnosed with any of the following autoimmune disorders?
questionnaire,FATHER_DIAG_B_1_M,integer,,FATHER_DIAG_B_1_M,,yes,,,Our Future Health Questionnaire > 4 Family health history,FATHER_DIAG_B_1_M,,Has/did your biological father ever suffer from?
questionnaire,FATHER_DIAG_CANCER_1_M,integer,,FATHER_DIAG_CANCER_1_M,,yes,,,Our Future Health Questionnaire > 4 Family health history,FATHER_DIAG_CANCER_1_M,,Which type(s) of cancer specifically was your father diagnosed with?
questionnaire,FATHER_DIAG_CANCER_SKIN_1_M,integer,,FATHER_DIAG_CANCER_SKIN_1_M,,yes,,,Our Future Health Questionnaire > 4 Family health history,FATHER_DIAG_CANCER_SKIN_1_M,,What type of skin cancer specifically was your father diagnosed with?
questionnaire,FATHER_DIAG_CVD_1_M,integer,,FATHER_DIAG_CVD_1_M,,yes,,,Our Future Health Questionnaire > 4 Family health history,FATHER_DIAG_CVD_1_M,,Has/was your father ever diagnosed with any of the following heart or circulatory diseases?
questionnaire,FATHER_DIAG_ENDOCR_1_M,integer,,FATHER_DIAG_ENDOCR_1_M,,yes,,,Our Future Health Questionnaire > 4 Family health history,FATHER_DIAG_ENDOCR_1_M,,Has/was your father ever diagnosed with the following conditions?
questionnaire,FATHER_DIAG_GASTRO_1_M,integer,,FATHER_DIAG_GASTRO_1_M,,yes,,,Our Future Health Questionnaire > 4 Family health history,FATHER_DIAG_GASTRO_1_M,,Has/was your father ever diagnosed with any of the following digestive system or liver problems?
questionnaire,FATHER_DIAG_NEURO_1_M,integer,,FATHER_DIAG_NEURO_1_M,,yes,,,Our Future Health Questionnaire > 4 Family health history,FATHER_DIAG_NEURO_1_M,,Has/was your father ever diagnosed with any of the following neurological or brain disorders?
questionnaire,FATHER_DIAG_NEURO_DEV_1_M,integer,,FATHER_DIAG_NEURO_DEV_1_M,,yes,,,Our Future Health Questionnaire > 4 Family health history,FATHER_DIAG_NEURO_DEV_1_M,,"Has/was your father ever been diagnosed with one or more of the following conditions by a professional, even if they don't have it currently?"
questionnaire,FATHER_DIAG_OPTHAL_1_M,integer,,FATHER_DIAG_OPTHAL_1_M,,yes,,,Our Future Health Questionnaire > 4 Family health history,FATHER_DIAG_OPTHAL_1_M,,Has/was your father ever diagnosed with any of the following eye or visual problems?
questionnaire,FATHER_DIAG_OSTEO_1_M,integer,,FATHER_DIAG_OSTEO_1_M,,yes,,,Our Future Health Questionnaire > 4 Family health history,FATHER_DIAG_OSTEO_1_M,,"What type of fractures, breaks, joint or bone problems did your father experience?"
questionnaire,FATHER_DIAG_PSYCH_1_M,integer,,FATHER_DIAG_PSYCH_1_M,,yes,,,Our Future Health Questionnaire > 4 Family health history,FATHER_DIAG_PSYCH_1_M,,"Has/was your father ever diagnosed with one or more of the following conditions by a professional, even if they don't have it currently?"
questionnaire,FATHER_DIAG_PSYCH_ANX_1_M,integer,,FATHER_DIAG_PSYCH_ANX_1_M,,yes,,,Our Future Health Questionnaire > 4 Family health history,FATHER_DIAG_PSYCH_ANX_1_M,,Which anxiety disorder(s) specifically was your father diagnosed with in their lifetime?
questionnaire,FATHER_DIAG_PSYCH_DEPR_1_M,integer,,FATHER_DIAG_PSYCH_DEPR_1_M,,yes,,,Our Future Health Questionnaire > 4 Family health history,FATHER_DIAG_PSYCH_DEPR_1_M,,Which depressive disorder(s) specifically was your father diagnosed with in their lifetime?
questionnaire,FATHER_DIAG_PSYCH_EAT_1_M,integer,,FATHER_DIAG_PSYCH_EAT_1_M,,yes,,,Our Future Health Questionnaire > 4 Family health history,FATHER_DIAG_PSYCH_EAT_1_M,,Which eating disorder(s) specifically was your father diagnosed with in their lifetime?
questionnaire,FATHER_DIAG_REPRO_1_M,integer,,FATHER_DIAG_REPRO_1_M,,yes,,,Our Future Health Questionnaire > 4 Family health history,FATHER_DIAG_REPRO_1_M,,Has/was your father ever diagnosed with any of the following conditions?
questionnaire,FATHER_DIAG_RESP_1_M,integer,,FATHER_DIAG_RESP_1_M,,yes,,,Our Future Health Questionnaire > 4 Family health history,FATHER_DIAG_RESP_1_M,,Has/was your father ever diagnosed with any of the following lung or respiratory conditions?
questionnaire,FATHER_DIAG_UROL_1_M,integer,,FATHER_DIAG_UROL_1_M,,yes,,,Our Future Health Questionnaire > 4 Family health history,FATHER_DIAG_UROL_1_M,,Has/was your father ever diagnosed with any of the following kidney or urinary tract problems?
questionnaire,IMMIGRATE_UK_YR_1_1,integer,,IMMIGRATE_UK_YR_1_1,yes,,,,Our Future Health Questionnaire > 4 Family health history,IMMIGRATE_UK_YR_1_1,,What year did you first come to live in the United Kingdom?
questionnaire,MOTHER_AGE_1_1,integer,,MOTHER_AGE_1_1,yes,,,,Our Future Health Questionnaire > 4 Family health history,MOTHER_AGE_1_1,,What is her age now?
questionnaire,MOTHER_AGE_DECEASED_1_1,integer,,MOTHER_AGE_DECEASED_1_1,yes,,,,Our Future Health Questionnaire > 4 Family health history,MOTHER_AGE_DECEASED_1_1,,What was her age when she died?
questionnaire,MOTHER_ALIVE_1_1,integer,,MOTHER_ALIVE_1_1,,,,,Our Future Health Questionnaire > 4 Family health history,MOTHER_ALIVE_1_1,,Is your biological mother still alive?
questionnaire,MOTHER_DIAG_A_1_M,integer,,MOTHER_DIAG_A_1_M,,yes,,,Our Future Health Questionnaire > 4 Family health history,MOTHER_DIAG_A_1_M,,Has/did your biological mother ever suffer from?
questionnaire,MOTHER_DIAG_A_2_M,integer,,MOTHER_DIAG_A_2_M,,yes,,,Our Future Health Questionnaire > 4 Family health history,MOTHER_DIAG_A_2_M,,Has/did your biological mother ever suffer from?
questionnaire,MOTHER_DIAG_ANAEMIA_1_M,integer,,MOTHER_DIAG_ANAEMIA_1_M,,yes,,,Our Future Health Questionnaire > 4 Family health history,MOTHER_DIAG_ANAEMIA_1_M,,Has/was your mother ever diagnosed with any of the following types of anaemia?
questionnaire,MOTHER_DIAG_AUTO_1_M,integer,,MOTHER_DIAG_AUTO_1_M,,yes,,,Our Future Health Questionnaire > 4 Family health history,MOTHER_DIAG_AUTO_1_M,,Has/was your mother ever been diagnosed with any of the following autoimmune disorders?
questionnaire,MOTHER_DIAG_B_1_M,integer,,MOTHER_DIAG_B_1_M,,yes,,,Our Future Health Questionnaire > 4 Family health history,MOTHER_DIAG_B_1_M,,Has/did your biological mother ever suffer from?
questionnaire,MOTHER_DIAG_CANCER_1_M,integer,,MOTHER_DIAG_CANCER_1_M,,yes,,,Our Future Health Questionnaire > 4 Family health history,MOTHER_DIAG_CANCER_1_M,,Which type(s) of cancer specifically was your mother diagnosed with?
questionnaire,MOTHER_DIAG_CANCER_SKIN_1_M,integer,,MOTHER_DIAG_CANCER_SKIN_1_M,,yes,,,Our Future Health Questionnaire > 4 Family health history,MOTHER_DIAG_CANCER_SKIN_1_M,,What type of skin cancer specifically was your mother diagnosed with?
questionnaire,MOTHER_DIAG_CVD_1_M,integer,,MOTHER_DIAG_CVD_1_M,,yes,,,Our Future Health Questionnaire > 4 Family health history,MOTHER_DIAG_CVD_1_M,,Has/was your mother ever diagnosed with any of the following heart or circulatory diseases?
questionnaire,MOTHER_DIAG_ENDOCR_1_M,integer,,MOTHER_DIAG_ENDOCR_1_M,,yes,,,Our Future Health Questionnaire > 4 Family health history,MOTHER_DIAG_ENDOCR_1_M,,Has/was your mother ever diagnosed with the following conditions?
questionnaire,MOTHER_DIAG_GASTRO_1_M,integer,,MOTHER_DIAG_GASTRO_1_M,,yes,,,Our Future Health Questionnaire > 4 Family health history,MOTHER_DIAG_GASTRO_1_M,,Has/was your mother ever diagnosed with any of the following digestive system or liver problems?
questionnaire,MOTHER_DIAG_NEURO_1_M,integer,,MOTHER_DIAG_NEURO_1_M,,yes,,,Our Future Health Questionnaire > 4 Family health history,MOTHER_DIAG_NEURO_1_M,,Has/was your mother ever diagnosed with any of the following neurological or brain disorders?
questionnaire,MOTHER_DIAG_NEURO_DEV_1_M,integer,,MOTHER_DIAG_NEURO_DEV_1_M,,yes,,,Our Future Health Questionnaire > 4 Family health history,MOTHER_DIAG_NEURO_DEV_1_M,,"Has/was your mother ever diagnosed with one or more of the following conditions by a professional, even if they don't have it currently?"
questionnaire,MOTHER_DIAG_OPTHAL_1_M,integer,,MOTHER_DIAG_OPTHAL_1_M,,yes,,,Our Future Health Questionnaire > 4 Family health history,MOTHER_DIAG_OPTHAL_1_M,,Has/was your mother ever diagnosed with any of the following eye or visual problems?
questionnaire,MOTHER_DIAG_OSTEO_1_M,integer,,MOTHER_DIAG_OSTEO_1_M,,yes,,,Our Future Health Questionnaire > 4 Family health history,MOTHER_DIAG_OSTEO_1_M,,"What type of fractures, breaks, joint or bone problems did your mother experience?"
questionnaire,MOTHER_DIAG_PSYCH_1_M,integer,,MOTHER_DIAG_PSYCH_1_M,,yes,,,Our Future Health Questionnaire > 4 Family health history,MOTHER_DIAG_PSYCH_1_M,,"Has/was your mother ever diagnosed with one or more of the following conditions by a professional, even if they don't have it currently?"
questionnaire,MOTHER_DIAG_PSYCH_ANX_1_M,integer,,MOTHER_DIAG_PSYCH_ANX_1_M,,yes,,,Our Future Health Questionnaire > 4 Family health history,MOTHER_DIAG_PSYCH_ANX_1_M,,Which anxiety disorder(s) specifically was your mother diagnosed with in their lifetime?
questionnaire,MOTHER_DIAG_PSYCH_DEPR_1_M,integer,,MOTHER_DIAG_PSYCH_DEPR_1_M,,yes,,,Our Future Health Questionnaire > 4 Family health history,MOTHER_DIAG_PSYCH_DEPR_1_M,,Which depressive disorder(s) specifically was your mother diagnosed with in their lifetime?
questionnaire,MOTHER_DIAG_PSYCH_EAT_1_M,integer,,MOTHER_DIAG_PSYCH_EAT_1_M,,yes,,,Our Future Health Questionnaire > 4 Family health history,MOTHER_DIAG_PSYCH_EAT_1_M,,Which eating disorder(s) specifically was your mother diagnosed with in their lifetime?
questionnaire,MOTHER_DIAG_REPRO_1_M,integer,,MOTHER_DIAG_REPRO_1_M,,yes,,,Our Future Health Questionnaire > 4 Family health history,MOTHER_DIAG_REPRO_1_M,,Has/was your mother ever diagnosed with any of the following conditions?
questionnaire,MOTHER_DIAG_RESP_1_M,integer,,MOTHER_DIAG_RESP_1_M,,yes,,,Our Future Health Questionnaire > 4 Family health history,MOTHER_DIAG_RESP_1_M,,Has/was your mother ever diagnosed with any of the following lung or respiratory conditions?
questionnaire,MOTHER_DIAG_UROL_1_M,integer,,MOTHER_DIAG_UROL_1_M,,yes,,,Our Future Health Questionnaire > 4 Family health history,MOTHER_DIAG_UROL_1_M,,Has/was your mother ever diagnosed with any of the following kidney or urinary tract problems?
questionnaire,SIBLING_DIAG_A_1_M,integer,,SIBLING_DIAG_A_1_M,,yes,,,Our Future Health Questionnaire > 4 Family health history,SIBLING_DIAG_A_1_M,,Have any of your brothers or sisters suffered from any of the following illnesses?
questionnaire,SIBLING_DIAG_A_2_M,integer,,SIBLING_DIAG_A_2_M,,yes,,,Our Future Health Questionnaire > 4 Family health history,SIBLING_DIAG_A_2_M,,Has/did any of your biological brother/s or sister/s ever suffer from?
questionnaire,SIBLING_DIAG_ANAEMIA_1_M,integer,,SIBLING_DIAG_ANAEMIA_1_M,,yes,,,Our Future Health Questionnaire > 4 Family health history,SIBLING_DIAG_ANAEMIA_1_M,,Has your brother or sister ever been diagnosed with any of the following types of anaemia?
questionnaire,SIBLING_DIAG_AUTO_1_M,integer,,SIBLING_DIAG_AUTO_1_M,,yes,,,Our Future Health Questionnaire > 4 Family health history,SIBLING_DIAG_AUTO_1_M,,Has your brother or sister ever been diagnosed with any of the following autoimmune disorders?
questionnaire,SIBLING_DIAG_B_1_M,integer,,SIBLING_DIAG_B_1_M,,yes,,,Our Future Health Questionnaire > 4 Family health history,SIBLING_DIAG_B_1_M,,Have any or your brothers or sisters suffered from any of the following illnesses?
questionnaire,SIBLING_DIAG_CANCER_1_M,integer,,SIBLING_DIAG_CANCER_1_M,,yes,,,Our Future Health Questionnaire > 4 Family health history,SIBLING_DIAG_CANCER_1_M,,Which type(s) of cancer specifically was your brother or sister diagnosed with?
questionnaire,SIBLING_DIAG_CANCER_SKIN_1_M,integer,,SIBLING_DIAG_CANCER_SKIN_1_M,,yes,,,Our Future Health Questionnaire > 4 Family health history,SIBLING_DIAG_CANCER_SKIN_1_M,,What type of skin cancer specifically was your brother or sister diagnosed with?
questionnaire,SIBLING_DIAG_CVD_1_M,integer,,SIBLING_DIAG_CVD_1_M,,yes,,,Our Future Health Questionnaire > 4 Family health history,SIBLING_DIAG_CVD_1_M,,Has your brother or sister ever been diagnosed with any of the following heart or circulatory diseases?
questionnaire,SIBLING_DIAG_ENDOCR_1_M,integer,,SIBLING_DIAG_ENDOCR_1_M,,yes,,,Our Future Health Questionnaire > 4 Family health history,SIBLING_DIAG_ENDOCR_1_M,,Has your brother or sister ever been diagnosed with the following conditions?
questionnaire,SIBLING_DIAG_GASTRO_1_M,integer,,SIBLING_DIAG_GASTRO_1_M,,yes,,,Our Future Health Questionnaire > 4 Family health history,SIBLING_DIAG_GASTRO_1_M,,Has your brother or sister ever been diagnosed with any of the following digestive system or liver problems?
questionnaire,SIBLING_DIAG_NEURO_1_M,integer,,SIBLING_DIAG_NEURO_1_M,,yes,,,Our Future Health Questionnaire > 4 Family health history,SIBLING_DIAG_NEURO_1_M,,Has your brother or sister ever been diagnosed with any of the following neurological or brain disorders?
questionnaire,SIBLING_DIAG_NEURO_DEV_1_M,integer,,SIBLING_DIAG_NEURO_DEV_1_M,,yes,,,Our Future Health Questionnaire > 4 Family health history,SIBLING_DIAG_NEURO_DEV_1_M,,"Has your brother or sister ever been diagnosed with one or more of the following conditions by a professional, even if they don't have it currently?"
questionnaire,SIBLING_DIAG_OPTHAL_1_M,integer,,SIBLING_DIAG_OPTHAL_1_M,,yes,,,Our Future Health Questionnaire > 4 Family health history,SIBLING_DIAG_OPTHAL_1_M,,Has your brother or sister ever been diagnosed with any of the following eye or visual problems?
questionnaire,SIBLING_DIAG_OSTEO_1_M,integer,,SIBLING_DIAG_OSTEO_1_M,,yes,,,Our Future Health Questionnaire > 4 Family health history,SIBLING_DIAG_OSTEO_1_M,,"What type of fractures, breaks, joint or bone problems have your brother or sister experienced?"
questionnaire,SIBLING_DIAG_PSYCH_1_M,integer,,SIBLING_DIAG_PSYCH_1_M,,yes,,,Our Future Health Questionnaire > 4 Family health history,SIBLING_DIAG_PSYCH_1_M,,"Has your brother or sister ever been diagnosed with one or more of the following conditions by a professional, even if they don't have it currently?"
questionnaire,SIBLING_DIAG_PSYCH_ANX_1_M,integer,,SIBLING_DIAG_PSYCH_ANX_1_M,,yes,,,Our Future Health Questionnaire > 4 Family health history,SIBLING_DIAG_PSYCH_ANX_1_M,,Which anxiety disorder(s) specifically has your brother or sister been diagnosed with in their lifetime?
questionnaire,SIBLING_DIAG_PSYCH_DEPR_1_M,integer,,SIBLING_DIAG_PSYCH_DEPR_1_M,,yes,,,Our Future Health Questionnaire > 4 Family health history,SIBLING_DIAG_PSYCH_DEPR_1_M,,Which depressive disorder(s) specifically has your brother or sister been diagnosed with in their lifetime?
questionnaire,SIBLING_DIAG_PSYCH_EAT_1_M,integer,,SIBLING_DIAG_PSYCH_EAT_1_M,,yes,,,Our Future Health Questionnaire > 4 Family health history,SIBLING_DIAG_PSYCH_EAT_1_M,,Which eating disorder(s) specifically has your brother or sister been diagnosed with in their lifetime?
questionnaire,SIBLING_DIAG_REPRO_1_M,integer,,SIBLING_DIAG_REPRO_1_M,,yes,,,Our Future Health Questionnaire > 4 Family health history,SIBLING_DIAG_REPRO_1_M,,Has your brother or sister ever been diagnosed with any of the following conditions?
questionnaire,SIBLING_DIAG_RESP_1_M,integer,,SIBLING_DIAG_RESP_1_M,,yes,,,Our Future Health Questionnaire > 4 Family health history,SIBLING_DIAG_RESP_1_M,,Has your brother or sister ever been diagnosed with any of the following lung or respiratory conditions?
questionnaire,SIBLING_DIAG_UROL_1_M,integer,,SIBLING_DIAG_UROL_1_M,,yes,,,Our Future Health Questionnaire > 4 Family health history,SIBLING_DIAG_UROL_1_M,,Has your brother or sister ever been diagnosed with any of the following kidney or urinary tract problems?
questionnaire,SIBLING_NUM_BROTHERS_1_1,integer,,SIBLING_NUM_BROTHERS_1_1,yes,,,,Our Future Health Questionnaire > 4 Family health history,SIBLING_NUM_BROTHERS_1_1,,How many brothers do you have?
questionnaire,SIBLING_NUM_SISTERS_1_1,integer,,SIBLING_NUM_SISTERS_1_1,yes,,,,Our Future Health Questionnaire > 4 Family health history,SIBLING_NUM_SISTERS_1_1,,How many sisters do you have?
questionnaire,CHILDREN_BIO_FIRST_AGE_1_1,integer,,CHILDREN_BIO_FIRST_AGE_1_1,yes,,,,Our Future Health Questionnaire > 5 Your health history,CHILDREN_BIO_FIRST_AGE_1_1,,How old were you when you had your FIRST child?
questionnaire,CHILDREN_BIO_LAST_AGE_1_1,integer,,CHILDREN_BIO_LAST_AGE_1_1,yes,,,,Our Future Health Questionnaire > 5 Your health history,CHILDREN_BIO_LAST_AGE_1_1,,How old were you when you had your LAST child?
questionnaire,CHILDREN_BIO_NUM_1_1,integer,,CHILDREN_BIO_NUM_1_1,yes,,,,Our Future Health Questionnaire > 5 Your health history,CHILDREN_BIO_NUM_1_1,,How many children have you fathered?
questionnaire,CHILDREN_BIO_NUM_2_1,integer,,CHILDREN_BIO_NUM_2_1,yes,,,,Our Future Health Questionnaire > 5 Your health history,CHILDREN_BIO_NUM_2_1,,How many biological children have you had?
questionnaire,CHILDREN_BIRTHED_FIRST_AGE_1_1,integer,,CHILDREN_BIRTHED_FIRST_AGE_1_1,yes,,,,Our Future Health Questionnaire > 5 Your health history,CHILDREN_BIRTHED_FIRST_AGE_1_1,,How old were you when you had your FIRST child?
questionnaire,CHILDREN_BIRTHED_LAST_AGE_1_1,integer,,CHILDREN_BIRTHED_LAST_AGE_1_1,yes,,,,Our Future Health Questionnaire > 5 Your health history,CHILDREN_BIRTHED_LAST_AGE_1_1,,How old were you when you had your LAST child?
questionnaire,CHILDREN_BIRTHED_NUM_1_1,integer,,CHILDREN_BIRTHED_NUM_1_1,yes,,,,Our Future Health Questionnaire > 5 Your health history,CHILDREN_BIRTHED_NUM_1_1,,How many children have you given birth to?
questionnaire,DIAG_1_M,integer,,DIAG_1_M,,yes,,,Our Future Health Questionnaire > 5 Your health history,DIAG_1_M,,Has a doctor ever told you that you have had any of the following condition?
questionnaire,DIAG_2_M,integer,,DIAG_2_M,,yes,,,Our Future Health Questionnaire > 5 Your health history,DIAG_2_M,,Have you ever been diagnosed with any of the following by a doctor or other health professional?
questionnaire,DIAG_ANAEMIA_1_M,integer,,DIAG_ANAEMIA_1_M,,yes,,,Our Future Health Questionnaire > 5 Your health history,DIAG_ANAEMIA_1_M,,Have you ever been diagnosed with any of the following types of anaemia by a doctor or other health professional?
questionnaire,DIAG_AUTO_1_M,integer,,DIAG_AUTO_1_M,,yes,,,Our Future Health Questionnaire > 5 Your health history,DIAG_AUTO_1_M,,Have you ever been diagnosed with any of the following autoimmune disorders by a doctor or other health professional?
questionnaire,DIAG_CANCER_1_M,integer,,DIAG_CANCER_1_M,,yes,,,Our Future Health Questionnaire > 5 Your health history,DIAG_CANCER_1_M,,Which type(s) of cancer specifically were you diagnosed with?
questionnaire,DIAG_CANCER_SKIN_1_M,integer,,DIAG_CANCER_SKIN_1_M,,yes,,,Our Future Health Questionnaire > 5 Your health history,DIAG_CANCER_SKIN_1_M,,What type of skin cancer specifically were you diagnosed with?
questionnaire,DIAG_CVD_1_M,integer,,DIAG_CVD_1_M,,yes,,,Our Future Health Questionnaire > 5 Your health history,DIAG_CVD_1_M,,Have you ever been diagnosed with any of the following heart or circulatory diseases by a doctor or other health professional?
questionnaire,DIAG_ENDOCR_1_M,integer,,DIAG_ENDOCR_1_M,,yes,,,Our Future Health Questionnaire > 5 Your health history,DIAG_ENDOCR_1_M,,Have you ever been diagnosed with the following conditions by a doctor or other health professional?
questionnaire,DIAG_GASTRO_1_M,integer,,DIAG_GASTRO_1_M,,yes,,,Our Future Health Questionnaire > 5 Your health history,DIAG_GASTRO_1_M,,Have you ever been diagnosed with any of the following digestive system or liver problems by a doctor or other health professional?
questionnaire,DIAG_NEURO_1_M,integer,,DIAG_NEURO_1_M,,yes,,,Our Future Health Questionnaire > 5 Your health history,DIAG_NEURO_1_M,,Have you ever been diagnosed with any of the following neurological or brain disorders by a doctor or other health professional?
questionnaire,DIAG_NEURO_DEV_1_M,integer,,DIAG_NEURO_DEV_1_M,,yes,,,Our Future Health Questionnaire > 5 Your health history,DIAG_NEURO_DEV_1_M,,"Have you ever been diagnosed with one or more of the following conditions by a professional, even if you don't have it currently?"
questionnaire,DIAG_OB_1_M,integer,,DIAG_OB_1_M,,yes,,,Our Future Health Questionnaire > 5 Your health history,DIAG_OB_1_M,,What type of complication or difficulties with pregnancy or childbirth have you experienced?
questionnaire,DIAG_OPTHAL_1_M,integer,,DIAG_OPTHAL_1_M,,yes,,,Our Future Health Questionnaire > 5 Your health history,DIAG_OPTHAL_1_M,,Have you ever been diagnosed with any of the following eye or visual problems by a doctor or other health professional?
questionnaire,DIAG_OSTEO_1_M,integer,,DIAG_OSTEO_1_M,,yes,,,Our Future Health Questionnaire > 5 Your health history,DIAG_OSTEO_1_M,,"What type of fractures, breaks, joint or bone problems have you experienced?"
questionnaire,DIAG_PSYCH_1_M,integer,,DIAG_PSYCH_1_M,,yes,,,Our Future Health Questionnaire > 5 Your health history,DIAG_PSYCH_1_M,,"Have you ever been diagnosed with one or more of the following conditions by a professional, even if you don't have it currently?"
questionnaire,DIAG_PSYCH_ANX_1_M,integer,,DIAG_PSYCH_ANX_1_M,,yes,,,Our Future Health Questionnaire > 5 Your health history,DIAG_PSYCH_ANX_1_M,,Which anxiety disorder(s) specifically have you been diagnosed with in your lifetime?
questionnaire,DIAG_PSYCH_DEPR_1_M,integer,,DIAG_PSYCH_DEPR_1_M,,yes,,,Our Future Health Questionnaire > 5 Your health history,DIAG_PSYCH_DEPR_1_M,,Which depressive disorder(s) specifically have you been diagnosed with in your lifetime?
questionnaire,DIAG_PSYCH_EAT_1_M,integer,,DIAG_PSYCH_EAT_1_M,,yes,,,Our Future Health Questionnaire > 5 Your health history,DIAG_PSYCH_EAT_1_M,,Which eating disorder(s) specifically have you been diagnosed with in your lifetime?
questionnaire,DIAG_REPRO_1_M,integer,,DIAG_REPRO_1_M,,yes,,,Our Future Health Questionnaire > 5 Your health history,DIAG_REPRO_1_M,,Have you ever been diagnosed with any of the following conditions by a doctor or other health professional?
questionnaire,DIAG_RESP_1_M,integer,,DIAG_RESP_1_M,,yes,,,Our Future Health Questionnaire > 5 Your health history,DIAG_RESP_1_M,,Have you ever been diagnosed with any of the following lung or respiratory conditions by a doctor or other health professional?
questionnaire,DIAG_UROL_1_M,integer,,DIAG_UROL_1_M,,yes,,,Our Future Health Questionnaire > 5 Your health history,DIAG_UROL_1_M,,Have you ever been diagnosed with any of the following kidney or urinary tract problems by a doctor or other health professional?
questionnaire,GAD7_IMPAIR_1_1,integer,,GAD7_IMPAIR_1_1,,,,,Our Future Health Questionnaire > 5 Your health history,GAD7_IMPAIR_1_1,,"How difficult have these problems made it for you to do your work, take care of things at home, or get along with other people?"
questionnaire,GAD7_ITEM1_ANX_1_1,integer,,GAD7_ITEM1_ANX_1_1,,,,,Our Future Health Questionnaire > 5 Your health history,GAD7_ITEM1_ANX_1_1,,"Feeling nervous, anxious or on edge?"
questionnaire,GAD7_ITEM2_WORRY_CONTROL_1_1,integer,,GAD7_ITEM2_WORRY_CONTROL_1_1,,,,,Our Future Health Questionnaire > 5 Your health history,GAD7_ITEM2_WORRY_CONTROL_1_1,,Not being able to stop or control worrying?
questionnaire,GAD7_ITEM3_WORRY_AMOUNT_1_1,integer,,GAD7_ITEM3_WORRY_AMOUNT_1_1,,,,,Our Future Health Questionnaire > 5 Your health history,GAD7_ITEM3_WORRY_AMOUNT_1_1,,Worrying too much about different things?
questionnaire,GAD7_ITEM4_RELAX_1_1,integer,,GAD7_ITEM4_RELAX_1_1,,,,,Our Future Health Questionnaire > 5 Your health history,GAD7_ITEM4_RELAX_1_1,,Trouble relaxing?
questionnaire,GAD7_ITEM5_RESTLESS_1_1,integer,,GAD7_ITEM5_RESTLESS_1_1,,,,,Our Future Health Questionnaire > 5 Your health history,GAD7_ITEM5_RESTLESS_1_1,,Being so restless that it is hard to sit still?
questionnaire,GAD7_ITEM6_ANNOYED_1_1,integer,,GAD7_ITEM6_ANNOYED_1_1,,,,,Our Future Health Questionnaire > 5 Your health history,GAD7_ITEM6_ANNOYED_1_1,,Becoming easily annoyed or irritable?
questionnaire,GAD7_ITEM7_AFRAID_1_1,integer,,GAD7_ITEM7_AFRAID_1_1,,,,,Our Future Health Questionnaire > 5 Your health history,GAD7_ITEM7_AFRAID_1_1,,Feeling afraid as if something awful might happen?
questionnaire,GYN_CONTRACEPT_IMPLANT_1_1,integer,,GYN_CONTRACEPT_IMPLANT_1_1,,,,,Our Future Health Questionnaire > 5 Your health history,GYN_CONTRACEPT_IMPLANT_1_1,,Have you ever used a medical or implant method of contraception?
questionnaire,GYN_CONTRACEPT_METHODS_1_M,integer,,GYN_CONTRACEPT_METHODS_1_M,,yes,,,Our Future Health Questionnaire > 5 Your health history,GYN_CONTRACEPT_METHODS_1_M,,What have you used for contraception?
questionnaire,GYN_CONTRACEPT_PILL_1_1,integer,,GYN_CONTRACEPT_PILL_1_1,,,,,Our Future Health Questionnaire > 5 Your health history,GYN_CONTRACEPT_PILL_1_1,,Have you ever taken the contraceptive pill?
questionnaire,GYN_CONTRACEPT_PILL_FIRST_AGE_1_1,integer,,GYN_CONTRACEPT_PILL_FIRST_AGE_1_1,yes,,,,Our Future Health Questionnaire > 5 Your health history,GYN_CONTRACEPT_PILL_FIRST_AGE_1_1,,About how old were you when you first went on the contraceptive pill?
questionnaire,GYN_CONTRACEPT_PILL_LAST_AGE_1_1,integer,,GYN_CONTRACEPT_PILL_LAST_AGE_1_1,yes,,,,Our Future Health Questionnaire > 5 Your health history,GYN_CONTRACEPT_PILL_LAST_AGE_1_1,,How old were you when you last used the contraceptive pill?
questionnaire,GYN_HRT_1_1,integer,,GYN_HRT_1_1,,,,,Our Future Health Questionnaire > 5 Your health history,GYN_HRT_1_1,,Have you ever used hormone replacement therapy (HRT)?
questionnaire,GYN_HRT_FIRST_TRT_AGE_1_1,integer,,GYN_HRT_FIRST_TRT_AGE_1_1,yes,,,,Our Future Health Questionnaire > 5 Your health history,GYN_HRT_FIRST_TRT_AGE_1_1,,How old were you when you first used HRT?
questionnaire,GYN_HRT_LAST_TRT_AGE_1_1,integer,,GYN_HRT_LAST_TRT_AGE_1_1,yes,,,,Our Future Health Questionnaire > 5 Your health history,GYN_HRT_LAST_TRT_AGE_1_1,,How old were you when you last used HRT?
questionnaire,GYN_HYST_1_1,integer,,GYN_HYST_1_1,,,,,Our Future Health Questionnaire > 5 Your health history,GYN_HYST_1_1,,Have you had a hysterectomy (womb removed)?
questionnaire,GYN_HYST_AGE_1_1,integer,,GYN_HYST_AGE_1_1,yes,,,,Our Future Health Questionnaire > 5 Your health history,GYN_HYST_AGE_1_1,,How old were you when you had your hysterectomy?
questionnaire,GYN_MENOPAUSE_1_1,integer,,GYN_MENOPAUSE_1_1,,,,,Our Future Health Questionnaire > 5 Your health history,GYN_MENOPAUSE_1_1,,Have you had your menopause (periods stopped)?
questionnaire,GYN_MENOPAUSE_2_1,integer,,GYN_MENOPAUSE_2_1,,,,,Our Future Health Questionnaire > 5 Your health history,GYN_MENOPAUSE_2_1,,Have you had your menopause (periods stopped for more than 12 months)?
questionnaire,GYN_MENOPAUSE_LAST_PERIOD_AGE_1_1,integer,,GYN_MENOPAUSE_LAST_PERIOD_AGE_1_1,yes,,,,Our Future Health Questionnaire > 5 Your health history,GYN_MENOPAUSE_LAST_PERIOD_AGE_1_1,,How old were you when your periods stopped?
questionnaire,GYN_MENOPAUSE_LAST_PERIOD_AGE_2_1,integer,,GYN_MENOPAUSE_LAST_PERIOD_AGE_2_1,yes,,,,Our Future Health Questionnaire > 5 Your health history,GYN_MENOPAUSE_LAST_PERIOD_AGE_2_1,,How old were you when you had your last period?
questionnaire,GYN_MENSTR_AGE_1_1,integer,,GYN_MENSTR_AGE_1_1,yes,,,,Our Future Health Questionnaire > 5 Your health history,GYN_MENSTR_AGE_1_1,,How old were you when your periods started?
questionnaire,GYN_MENSTR_CYCLE_DAYS_1_1,integer,,GYN_MENSTR_CYCLE_DAYS_1_1,yes,,,,Our Future Health Questionnaire > 5 Your health history,GYN_MENSTR_CYCLE_DAYS_1_1,,How many days is your usual menstrual cycle?
questionnaire,GYN_MENSTR_CYCLE_DAYS_2_1,integer,,GYN_MENSTR_CYCLE_DAYS_2_1,yes,,,,Our Future Health Questionnaire > 5 Your health history,GYN_MENSTR_CYCLE_DAYS_2_1,,How many days are there usually between your periods?
questionnaire,GYN_MENSTR_LAST_PERIOD_DAYS_1_1,integer,,GYN_MENSTR_LAST_PERIOD_DAYS_1_1,yes,,,,Our Future Health Questionnaire > 5 Your health history,GYN_MENSTR_LAST_PERIOD_DAYS_1_1,,How many days since your last menstrual period?
questionnaire,GYN_MENSTR_LAST_PERIOD_DAYS_2_1,integer,,GYN_MENSTR_LAST_PERIOD_DAYS_2_1,yes,,,,Our Future Health Questionnaire > 5 Your health history,GYN_MENSTR_LAST_PERIOD_DAYS_2_1,,How many days since your last menstrual period?
questionnaire,GYN_OOPH_1_1,integer,,GYN_OOPH_1_1,,,,,Our Future Health Questionnaire > 5 Your health history,GYN_OOPH_1_1,,Have you had BOTH ovaries removed?
questionnaire,GYN_OOPH_AGE_1_1,integer,,GYN_OOPH_AGE_1_1,yes,,,,Our Future Health Questionnaire > 5 Your health history,GYN_OOPH_AGE_1_1,,How old were you when you had BOTH ovaries removed?
questionnaire,HEALTH_AMPUTATION_1_1,integer,,HEALTH_AMPUTATION_1_1,,,,,Our Future Health Questionnaire > 5 Your health history,HEALTH_AMPUTATION_1_1,,Have you ever had surgery to remove any of the following?
questionnaire,HEALTH_CHECK_COLORECTAL_1_1,integer,,HEALTH_CHECK_COLORECTAL_1_1,,,,,Our Future Health Questionnaire > 5 Your health history,HEALTH_CHECK_COLORECTAL_1_1,,Have you ever had a screening test for bowel (colorectal) cancer? (Please include tests for blood in the stool/faeces or a colonoscopy or a sigmoidoscopy)
questionnaire,HEALTH_CHECK_COLORECTAL_YRS_1_1,integer,,HEALTH_CHECK_COLORECTAL_YRS_1_1,yes,,,,Our Future Health Questionnaire > 5 Your health history,HEALTH_CHECK_COLORECTAL_YRS_1_1,,How many years ago was the most recent one of these tests?
questionnaire,HEALTH_CHECK_MAMMOGRAM_1_1,integer,,HEALTH_CHECK_MAMMOGRAM_1_1,,,,,Our Future Health Questionnaire > 5 Your health history,HEALTH_CHECK_MAMMOGRAM_1_1,,Have you ever been for breast cancer screening (a mammogram)?
questionnaire,HEALTH_CHECK_MAMMOGRAM_YRS_1_1,integer,,HEALTH_CHECK_MAMMOGRAM_YRS_1_1,yes,,,,Our Future Health Questionnaire > 5 Your health history,HEALTH_CHECK_MAMMOGRAM_YRS_1_1,,How many years ago was your last screen?
questionnaire,HEALTH_CHECK_PROSTATE_1_1,integer,,HEALTH_CHECK_PROSTATE_1_1,,,,,Our Future Health Questionnaire > 5 Your health history,HEALTH_CHECK_PROSTATE_1_1,,Have you ever had a blood test for prostate cancer (prostate specific antigen or PSA test)?
questionnaire,HEALTH_CHECK_PROSTATE_YRS_1_1,integer,,HEALTH_CHECK_PROSTATE_YRS_1_1,yes,,,,Our Future Health Questionnaire > 5 Your health history,HEALTH_CHECK_PROSTATE_YRS_1_1,,How many years ago was your last test?
questionnaire,HEALTH_CHECK_SMEAR_1_1,integer,,HEALTH_CHECK_SMEAR_1_1,,,,,Our Future Health Questionnaire > 5 Your health history,HEALTH_CHECK_SMEAR_1_1,,Have you ever had a cervical smear test?
questionnaire,HEALTH_CHECK_SMEAR_YRS_1_1,integer,,HEALTH_CHECK_SMEAR_YRS_1_1,yes,,,,Our Future Health Questionnaire > 5 Your health history,HEALTH_CHECK_SMEAR_YRS_1_1,,How many years ago was your last cervical smear test?
questionnaire,HEALTH_COVID_1_1,integer,,HEALTH_COVID_1_1,,,,,Our Future Health Questionnaire > 5 Your health history,HEALTH_COVID_1_1,,Do you think that you have or have had COVID-19?
questionnaire,HEALTH_DENTAL_1_M,integer,,HEALTH_DENTAL_1_M,,yes,,,Our Future Health Questionnaire > 5 Your health history,HEALTH_DENTAL_1_M,,Do you have any of the following?
questionnaire,HEALTH_FALLS_1_1,integer,,HEALTH_FALLS_1_1,,,,,Our Future Health Questionnaire > 5 Your health history,HEALTH_FALLS_1_1,,In the last year have you had any falls?
questionnaire,HEALTH_PAIN_ACUTE_1_M,integer,,HEALTH_PAIN_ACUTE_1_M,,yes,,,Our Future Health Questionnaire > 5 Your health history,HEALTH_PAIN_ACUTE_1_M,,In the last month have you experienced any of the following that interfered with your usual activities?
questionnaire,HEALTH_PAIN_ACUTE_2_M,integer,,HEALTH_PAIN_ACUTE_2_M,,yes,,,Our Future Health Questionnaire > 5 Your health history,HEALTH_PAIN_ACUTE_2_M,,In the last month have you experienced any of the following that interfered with your usual activities?
questionnaire,HEALTH_PAIN_CHEST_1_1,integer,,HEALTH_PAIN_CHEST_1_1,,,,,Our Future Health Questionnaire > 5 Your health history,HEALTH_PAIN_CHEST_1_1,,Do you ever have any pain or discomfort in your chest?
questionnaire,HEALTH_PAIN_CHEST_SUBSIDE_1_1,integer,,HEALTH_PAIN_CHEST_SUBSIDE_1_1,,,,,Our Future Health Questionnaire > 5 Your health history,HEALTH_PAIN_CHEST_SUBSIDE_1_1,,Does this chest pain go away when you stand still?
questionnaire,HEALTH_PAIN_CHEST_WALK_1_1,integer,,HEALTH_PAIN_CHEST_WALK_1_1,,,,,Our Future Health Questionnaire > 5 Your health history,HEALTH_PAIN_CHEST_WALK_1_1,,Do you get this pain or discomfort when you walk at an ordinary pace on the level?
questionnaire,HEALTH_PAIN_CHEST_WALK_UPHILL_1_1,integer,,HEALTH_PAIN_CHEST_WALK_UPHILL_1_1,,,,,Our Future Health Questionnaire > 5 Your health history,HEALTH_PAIN_CHEST_WALK_UPHILL_1_1,,Do you get this pain or discomfort when you walk uphill or hurry?
questionnaire,HEALTH_PAIN_CHRONIC_1_M,integer,,HEALTH_PAIN_CHRONIC_1_M,,yes,,,Our Future Health Questionnaire > 5 Your health history,HEALTH_PAIN_CHRONIC_1_M,,Have you ever experienced any of the following that interfered with your usual activities regularly for more than 3 months?
questionnaire,HEALTH_PAIN_CHRONIC_BACK_1_1,integer,,HEALTH_PAIN_CHRONIC_BACK_1_1,,,,,Our Future Health Questionnaire > 5 Your health history,HEALTH_PAIN_CHRONIC_BACK_1_1,,Have you had back pains for more than 3 months?
questionnaire,HEALTH_PAIN_CHRONIC_BODY_1_1,integer,,HEALTH_PAIN_CHRONIC_BODY_1_1,,,,,Our Future Health Questionnaire > 5 Your health history,HEALTH_PAIN_CHRONIC_BODY_1_1,,Have you had pains all over the body for more than 3 months?
questionnaire,HEALTH_PAIN_CHRONIC_FACE_1_1,integer,,HEALTH_PAIN_CHRONIC_FACE_1_1,,,,,Our Future Health Questionnaire > 5 Your health history,HEALTH_PAIN_CHRONIC_FACE_1_1,,Have you had facial pains for more than 3 months?
questionnaire,HEALTH_PAIN_CHRONIC_HEADACHE_1_1,integer,,HEALTH_PAIN_CHRONIC_HEADACHE_1_1,,,,,Our Future Health Questionnaire > 5 Your health history,HEALTH_PAIN_CHRONIC_HEADACHE_1_1,,Have you had headaches for more than 3 months?
questionnaire,HEALTH_PAIN_CHRONIC_HIP_1_1,integer,,HEALTH_PAIN_CHRONIC_HIP_1_1,,,,,Our Future Health Questionnaire > 5 Your health history,HEALTH_PAIN_CHRONIC_HIP_1_1,,Have you had hip pains for more than 3 months?
questionnaire,HEALTH_PAIN_CHRONIC_KNEE_1_1,integer,,HEALTH_PAIN_CHRONIC_KNEE_1_1,,,,,Our Future Health Questionnaire > 5 Your health history,HEALTH_PAIN_CHRONIC_KNEE_1_1,,Have you had knee pains for more than 3 months?
questionnaire,HEALTH_PAIN_CHRONIC_SHOULDER_1_1,integer,,HEALTH_PAIN_CHRONIC_SHOULDER_1_1,,,,,Our Future Health Questionnaire > 5 Your health history,HEALTH_PAIN_CHRONIC_SHOULDER_1_1,,Have you had neck or shoulder pains for more than 3 months?
questionnaire,HEALTH_PAIN_CHRONIC_STOMACH_1_1,integer,,HEALTH_PAIN_CHRONIC_STOMACH_1_1,,,,,Our Future Health Questionnaire > 5 Your health history,HEALTH_PAIN_CHRONIC_STOMACH_1_1,,Have you had stomach or abdominal pains for more than 3 months?
questionnaire,HEALTH_PAIN_LEG_1_1,integer,,HEALTH_PAIN_LEG_1_1,,,,,Our Future Health Questionnaire > 5 Your health history,HEALTH_PAIN_LEG_1_1,,Do you get a pain in either leg on walking?
questionnaire,HEALTH_RESP_SHORT_1_1,integer,,HEALTH_RESP_SHORT_1_1,,,,,Our Future Health Questionnaire > 5 Your health history,HEALTH_RESP_SHORT_1_1,,Do you get short of breath walking with people of your own age on level ground?
questionnaire,HEALTH_RESP_WHEEZE_1_1,integer,,HEALTH_RESP_WHEEZE_1_1,,,,,Our Future Health Questionnaire > 5 Your health history,HEALTH_RESP_WHEEZE_1_1,,In the last year have you ever had wheeze or whistling in the chest?
questionnaire,HEALTH_STATUS_CHRONIC_1_1,integer,,HEALTH_STATUS_CHRONIC_1_1,,,,,Our Future Health Questionnaire > 5 Your health history,HEALTH_STATUS_CHRONIC_1_1,,Do you have any physical or mental health conditions or illnesses lasting or expected to last 12 months or more?
questionnaire,HEALTH_STATUS_CURR_1_1,integer,,HEALTH_STATUS_CURR_1_1,,,,,Our Future Health Questionnaire > 5 Your health history,HEALTH_STATUS_CURR_1_1,,In general how would you rate your overall health?
questionnaire,HEALTH_STATUS_DISABILITY_1_1,integer,,HEALTH_STATUS_DISABILITY_1_1,,,,,Our Future Health Questionnaire > 5 Your health history,HEALTH_STATUS_DISABILITY_1_1,,"Do you have any long-standing illness, disability or infirmity?"
questionnaire,HEALTH_STATUS_DISABILITY_SUPPORT_1_M,integer,,HEALTH_STATUS_DISABILITY_SUPPORT_1_M,,yes,,,Our Future Health Questionnaire > 5 Your health history,HEALTH_STATUS_DISABILITY_SUPPORT_1_M,,Do you receive any of the following?
questionnaire,HEALTH_STATUS_PRIVATE_HEALTHCARE_1_1,integer,,HEALTH_STATUS_PRIVATE_HEALTHCARE_1_1,,,,,Our Future Health Questionnaire > 5 Your health history,HEALTH_STATUS_PRIVATE_HEALTHCARE_1_1,,Do you use private healthcare?
questionnaire,HEALTH_SUN_PROTECT_1_1,integer,,HEALTH_SUN_PROTECT_1_1,,,,,Our Future Health Questionnaire > 5 Your health history,HEALTH_SUN_PROTECT_1_1,,"Do you wear sun protection (e.g. sunscreen lotion, hat) when you spend time outdoors in the summer?"
questionnaire,HEALTH_SUN_SOLARIUM_1_1,integer,,HEALTH_SUN_SOLARIUM_1_1,yes,,,,Our Future Health Questionnaire > 5 Your health history,HEALTH_SUN_SOLARIUM_1_1,,How many times a year would you use a solarium or sunlamp?
questionnaire,HEALTH_WEIGHT_CHG_1_1,integer,,HEALTH_WEIGHT_CHG_1_1,,,,,Our Future Health Questionnaire > 5 Your health history,HEALTH_WEIGHT_CHG_1_1,,"Compared with one year ago, has your weight changed?"
questionnaire,MEDICAT_1_M,integer,,MEDICAT_1_M,,yes,,,Our Future Health Questionnaire > 5 Your health history,MEDICAT_1_M,,Do you regularly take medications for any of the following reasons?
questionnaire,MEDICAT_A_1_M,integer,,MEDICAT_A_1_M,,yes,,,Our Future Health Questionnaire > 5 Your health history,MEDICAT_A_1_M,,Do you regularly take any of the following medications?
questionnaire,MEDICAT_AUTO_1_M,integer,,MEDICAT_AUTO_1_M,,yes,,,Our Future Health Questionnaire > 5 Your health history,MEDICAT_AUTO_1_M,,Do you regularly take any of the following medication for an autoimmune disorder?
questionnaire,MEDICAT_B_1_M,integer,,MEDICAT_B_1_M,,yes,,,Our Future Health Questionnaire > 5 Your health history,MEDICAT_B_1_M,,Do you regularly take any of the following?
questionnaire,MEDICAT_C_1_M,integer,,MEDICAT_C_1_M,,yes,,,Our Future Health Questionnaire > 5 Your health history,MEDICAT_C_1_M,,Do you regularly take any of the following?
questionnaire,MEDICAT_CANCER_1_M,integer,,MEDICAT_CANCER_1_M,,yes,,,Our Future Health Questionnaire > 5 Your health history,MEDICAT_CANCER_1_M,,Are you currently receiving any of the following treatments for cancer?
questionnaire,MEDICAT_CVD_1_M,integer,,MEDICAT_CVD_1_M,,yes,,,Our Future Health Questionnaire > 5 Your health history,MEDICAT_CVD_1_M,,Do you regularly take any of the following medication for heart or circulatory disorders?
questionnaire,MEDICAT_D_1_M,integer,,MEDICAT_D_1_M,,yes,,,Our Future Health Questionnaire > 5 Your health history,MEDICAT_D_1_M,,Do you regularly take any of the following?
questionnaire,MEDICAT_DIAB_1_M,integer,,MEDICAT_DIAB_1_M,,yes,,,Our Future Health Questionnaire > 5 Your health history,MEDICAT_DIAB_1_M,,Do you regularly take any of the following medication for diabetic health?
questionnaire,MEDICAT_ENDOCR_1_M,integer,,MEDICAT_ENDOCR_1_M,,yes,,,Our Future Health Questionnaire > 5 Your health history,MEDICAT_ENDOCR_1_M,,Do you regularly take any of the following medication for endocrine disorders?
questionnaire,MEDICAT_GASTRO_1_M,integer,,MEDICAT_GASTRO_1_M,,yes,,,Our Future Health Questionnaire > 5 Your health history,MEDICAT_GASTRO_1_M,,"Do you regularly take any of the following medication for digestive problems, acid reflux or liver problems?"
questionnaire,MEDICAT_NEURO_1_M,integer,,MEDICAT_NEURO_1_M,,yes,,,Our Future Health Questionnaire > 5 Your health history,MEDICAT_NEURO_1_M,,Do you regularly take any of the following medication for neurological disorders?
questionnaire,MEDICAT_OSTEO_1_M,integer,,MEDICAT_OSTEO_1_M,,yes,,,Our Future Health Questionnaire > 5 Your health history,MEDICAT_OSTEO_1_M,,Do you regularly take any of the following medication for bone health?
questionnaire,MEDICAT_PAIN_1_M,integer,,MEDICAT_PAIN_1_M,,yes,,,Our Future Health Questionnaire > 5 Your health history,MEDICAT_PAIN_1_M,,Do you regularly take any of the following medication for pain relief?
questionnaire,MEDICAT_PRESCRIPT_1_M,integer,,MEDICAT_PRESCRIPT_1_M,,yes,,,Our Future Health Questionnaire > 5 Your health history,MEDICAT_PRESCRIPT_1_M,,Do you regularly take any other PRESCRIPTION medications?
questionnaire,MEDICAT_PSYCH_1_M,integer,,MEDICAT_PSYCH_1_M,,yes,,,Our Future Health Questionnaire > 5 Your health history,MEDICAT_PSYCH_1_M,,Do you regularly take any of the following medication for mental health conditions or insomnia?
questionnaire,MEDICAT_PSYCH_ANTIDEPR_1_M,integer,,MEDICAT_PSYCH_ANTIDEPR_1_M,,yes,,,Our Future Health Questionnaire > 5 Your health history,MEDICAT_PSYCH_ANTIDEPR_1_M,,What type of antidepressant medication do you regularly take?
questionnaire,MEDICAT_PSYCH_ANTIPSYCH_1_M,integer,,MEDICAT_PSYCH_ANTIPSYCH_1_M,,yes,,,Our Future Health Questionnaire > 5 Your health history,MEDICAT_PSYCH_ANTIPSYCH_1_M,,What type of antipsychotic medication do you regularly take?
questionnaire,MEDICAT_REPRO_1_M,integer,,MEDICAT_REPRO_1_M,,yes,,,Our Future Health Questionnaire > 5 Your health history,MEDICAT_REPRO_1_M,,Do you regularly take any of the following medication for reproductive or sexual health?
questionnaire,MEDICAT_REPRO_CONTRACEPT_1_M,integer,,MEDICAT_REPRO_CONTRACEPT_1_M,,yes,,,Our Future Health Questionnaire > 5 Your health history,MEDICAT_REPRO_CONTRACEPT_1_M,,What do you regularly or currently use for contraception?
questionnaire,MEDICAT_RESP_1_M,integer,,MEDICAT_RESP_1_M,,yes,,,Our Future Health Questionnaire > 5 Your health history,MEDICAT_RESP_1_M,,Do you regularly take any of the following medication for lung or breathing problems?
questionnaire,MEDICAT_SUPPL_1_M,integer,,MEDICAT_SUPPL_1_M,,yes,,,Our Future Health Questionnaire > 5 Your health history,MEDICAT_SUPPL_1_M,,Do you regularly take any of the following as supplements or for nutritional health?
questionnaire,PHQ9_IMPAIR_1_1,integer,,PHQ9_IMPAIR_1_1,,,,,Our Future Health Questionnaire > 5 Your health history,PHQ9_IMPAIR_1_1,,"How difficult have these problems made it for you to do your work, take care of things at home, or get along with other people?"
questionnaire,PHQ9_ITEM1_INTEREST_1_1,integer,,PHQ9_ITEM1_INTEREST_1_1,,,,,Our Future Health Questionnaire > 5 Your health history,PHQ9_ITEM1_INTEREST_1_1,,Little interest or pleasure in doing things
questionnaire,PHQ9_ITEM2_DOWN_1_1,integer,,PHQ9_ITEM2_DOWN_1_1,,,,,Our Future Health Questionnaire > 5 Your health history,PHQ9_ITEM2_DOWN_1_1,,"Feeling down, depressed, or hopeless?"
questionnaire,PHQ9_ITEM3_SLEEP_1_1,integer,,PHQ9_ITEM3_SLEEP_1_1,,,,,Our Future Health Questionnaire > 5 Your health history,PHQ9_ITEM3_SLEEP_1_1,,"Trouble falling or staying asleep, or sleeping too much?"
questionnaire,PHQ9_ITEM4_ENERGY_1_1,integer,,PHQ9_ITEM4_ENERGY_1_1,,,,,Our Future Health Questionnaire > 5 Your health history,PHQ9_ITEM4_ENERGY_1_1,,Feeling tired or having little energy?
questionnaire,PHQ9_ITEM5_APPETITE_1_1,integer,,PHQ9_ITEM5_APPETITE_1_1,,,,,Our Future Health Questionnaire > 5 Your health history,PHQ9_ITEM5_APPETITE_1_1,,Poor appetite or overeating?
questionnaire,PHQ9_ITEM6_BAD_1_1,integer,,PHQ9_ITEM6_BAD_1_1,,,,,Our Future Health Questionnaire > 5 Your health history,PHQ9_ITEM6_BAD_1_1,,Feeling bad about yourself – or that you are a failure or have let yourself or your family down?
questionnaire,PHQ9_ITEM7_CONCENTR_1_1,integer,,PHQ9_ITEM7_CONCENTR_1_1,,,,,Our Future Health Questionnaire > 5 Your health history,PHQ9_ITEM7_CONCENTR_1_1,,"Trouble concentrating on things, such as reading the newspaper or watching television?"
questionnaire,PHQ9_ITEM8_MOVEMENT_1_1,integer,,PHQ9_ITEM8_MOVEMENT_1_1,,,,,Our Future Health Questionnaire > 5 Your health history,PHQ9_ITEM8_MOVEMENT_1_1,,Moving or speaking so slowly that other people could have noticed? Or the opposite – being so fidgety or restless that you have been moving around a lot more than usual?
questionnaire,PHQ9_ITEM9_HARM_1_1,integer,,PHQ9_ITEM9_HARM_1_1,,,,,Our Future Health Questionnaire > 5 Your health history,PHQ9_ITEM9_HARM_1_1,,Thoughts that you would be better off dead or of hurting yourself in some way
questionnaire,SKIP_PHQ9_GAD7_1_1,integer,,SKIP_PHQ9_GAD7_1_1,,,,,Our Future Health Questionnaire > 5 Your health history,SKIP_PHQ9_GAD7_1_1,,Do you want to skip PHQ and GAD questions?
clinic_measurements,ID,string,local,,,,,,Our Future Health Clinic Measurements,ID,,Row ID
clinic_measurements,PID,string,,,,,participant:PID,many_to_one,Our Future Health Clinic Measurements,PID,,Participant ID
clinic_measurements,APPOINTMENT_VERSION,string,,,,,,,Our Future Health Clinic Measurements,APPOINTMENT_VERSION,,Appointment Version 
clinic_measurements,APPOINTMENT_DATETIME,datetime,,,,,,,Our Future Health Clinic Measurements,APPOINTMENT_DATETIME,,Appointment Date and Time. Time is rounded to the nearest hour
clinic_measurements,HEIGHT_SKIPPED,integer,,HEIGHT_SKIPPED,,,,,Our Future Health Clinic Measurements,HEIGHT_SKIPPED,,Indicator of whether the participant skipped the height measurement
clinic_measurements,HEIGHT_SKIPPED_REASON,integer,,HEIGHT_SKIPPED_REASON,,,,,Our Future Health Clinic Measurements,HEIGHT_SKIPPED_REASON,,Reason given for skipping the height measurement
clinic_measurements,HEIGHT,integer,,,,,,,Our Future Health Clinic Measurements,HEIGHT,cm,Height recorded in centimeters (cm)
clinic_measurements,WEIGHT_SKIPPED,integer,,WEIGHT_SKIPPED,,,,,Our Future Health Clinic Measurements,WEIGHT_SKIPPED,,Indicator of whether the participant skipped the weight measurement
clinic_measurements,WEIGHT_SKIPPED_REASON,integer,,WEIGHT_SKIPPED_REASON,,,,,Our Future Health Clinic Measurements,WEIGHT_SKIPPED_REASON,,Reason given for skipping the weight measurement
clinic_measurements,WEIGHT,float,,,,,,,Our Future Health Clinic Measurements,WEIGHT,kg,Weight recorded in kilograms (kg)
clinic_measurements,WAIST_SKIPPED,integer,,WAIST_SKIPPED,,,,,Our Future Health Clinic Measurements,WAIST_SKIPPED,,Indicator of whether the participant skipped the waist circumference measurement
clinic_measurements,WAIST_SKIPPED_REASON,integer,,WAIST_SKIPPED_REASON,,,,,Our Future Health Clinic Measurements,WAIST_SKIPPED_REASON,,Reason given for skipping the waist circumference measurement
clinic_measurements,WAIST,integer,,,,,,,Our Future Health Clinic Measurements,WAIST,cm,Waist circumference recorded in centimeters (cm)
clinic_measurements,HEART_FIRST_SKIPPED,integer,,HEART_FIRST_SKIPPED,,,,,Our Future Health Clinic Measurements,HEART_FIRST_SKIPPED,,Indicator of whether the participant skipped the first set of heart measurements
clinic_measurements,HEART_FIRST_SKIPPED_REASON,integer,,HEART_FIRST_SKIPPED_REASON,,,,,Our Future Health Clinic Measurements,HEART_FIRST_SKIPPED_REASON,,Reason given for skipping the first set of heart measurements
clinic_measurements,HEART_FIRST_RATE,integer,,,,,,,Our Future Health Clinic Measurements,HEART_FIRST_RATE,bpm,First heart rate measurement recorded in beats per minute (bpm)
clinic_measurements,HEART_FIRST_BP_SYSTOLIC,integer,,,,,,,Our Future Health Clinic Measurements,HEART_FIRST_BP_SYSTOLIC,mmHg,First systolic blood pressure reading recorded in millimeters of mercury (mmHg)
clinic_measurements,HEART_FIRST_BP_DIASTOLIC,integer,,,,,,,Our Future Health Clinic Measurements,HEART_FIRST_BP_DIASTOLIC,mmHg,First diastolic blood pressure reading recorded in millimeters of mercury (mmHg)
clinic_measurements,HEART_FIRST_RHYTHM,integer,,HEART_FIRST_RHYTHM,,,,,Our Future Health Clinic Measurements,HEART_FIRST_RHYTHM,,First heart ryhthm measurement recorded as regular or irregular
clinic_measurements,HEART_SECOND_SKIPPED,integer,,HEART_SECOND_SKIPPED,,,,,Our Future Health Clinic Measurements,HEART_SECOND_SKIPPED,,Indicator of whether the participant skipped the second set of heart measurements
clinic_measurements,HEART_SECOND_SKIPPED_REASON,integer,,HEART_SECOND_SKIPPED_REASON,,,,,Our Future Health Clinic Measurements,HEART_SECOND_SKIPPED_REASON,,Reason given for skipping the second set of heart measurements
clinic_measurements,HEART_SECOND_RATE,integer,,,,,,,Our Future Health Clinic Measurements,HEART_SECOND_RATE,bpm,Second heart rate measurement recorded in beats per minute (bpm)
clinic_measurements,HEART_SECOND_BP_SYSTOLIC,integer,,,,,,,Our Future Health Clinic Measurements,HEART_SECOND_BP_SYSTOLIC,mmHg,"Second systolic blood pressure reading, recorded in millimeters of mercury (mmHg)"
clinic_measurements,HEART_SECOND_BP_DIASTOLIC,integer,,,,,,,Our Future Health Clinic Measurements,HEART_SECOND_BP_DIASTOLIC,mmHg,Second diastolic blood pressure reading recorded in millimeters of mercury (mmHg)
clinic_measurements,HEART_SECOND_RHYTHM,integer,,HEART_SECOND_RHYTHM,,,,,Our Future Health Clinic Measurements,HEART_SECOND_RHYTHM,,Second heart ryhthm measurement recorded as regular or irregular
clinic_measurements,HEART_THIRD_SKIPPED,integer,,HEART_THIRD_SKIPPED,,,,,Our Future Health Clinic Measurements,HEART_THIRD_SKIPPED,,Indicator of whether the participant skipped the third set of heart measurements. Only participants with abnormal readings to the first and second measurements are offered a third measurement
clinic_measurements,HEART_THIRD_SKIPPED_REASON,integer,,HEART_THIRD_SKIPPED_REASON,,,,,Our Future Health Clinic Measurements,HEART_THIRD_SKIPPED_REASON,,Reason given for skipping the third set of heart measurements
clinic_measurements,HEART_THIRD_RATE,integer,,,,,,,Our Future Health Clinic Measurements,HEART_THIRD_RATE,bpm,Third heart rate measurement recorded in beats per minute (bpm)
clinic_measurements,HEART_THIRD_BP_SYSTOLIC,integer,,,,,,,Our Future Health Clinic Measurements,HEART_THIRD_BP_SYSTOLIC,mmHg,Third systolic blood pressure reading recorded in millimeters of mercury (mmHg)
clinic_measurements,HEART_THIRD_BP_DIASTOLIC,integer,,,,,,,Our Future Health Clinic Measurements,HEART_THIRD_BP_DIASTOLIC,mmHg,Third diastolic blood pressure reading recorded in millimeters of mercury (mmHg)
clinic_measurements,HEART_THIRD_RHYTHM,integer,,HEART_THIRD_RHYTHM,,,,,Our Future Health Clinic Measurements,HEART_THIRD_RHYTHM,,Third heart ryhthm measurement recorded as regular or irregular
nhse_eng_canpat,EVENT_DATE,date,,,,,,,Our Future Health Linked NDRS Cancer Pathway,EVENT_DATE,,Event start date
nhse_eng_canpat,EVENT_END,date,,,,,,,Our Future Health Linked NDRS Cancer Pathway,EVENT_END,,Event end date
nhse_eng_canpat,EVENT_PROPERTY_1,string,,,,,,,Our Future Health Linked NDRS Cancer Pathway,EVENT_PROPERTY_1,,Event property (1)
nhse_eng_canpat,EVENT_PROPERTY_2,string,,,,,,,Our Future Health Linked NDRS Cancer Pathway,EVENT_PROPERTY_2,,Event property (2)
nhse_eng_canpat,EVENT_PROPERTY_3,string,,,,,,,Our Future Health Linked NDRS Cancer Pathway,EVENT_PROPERTY_3,,Event property (3)
nhse_eng_canpat,EVENT_TYPE,integer,,EVENT_TYPE_pathway_coding,,,,,Our Future Health Linked NDRS Cancer Pathway,EVENT_TYPE,,Type of event
nhse_eng_canpat,PID,string,,,,,participant:PID,many_to_one,Our Future Health Linked NDRS Cancer Pathway,PID,,Participant ID
nhse_eng_canpat,PSEUDONYMISED_AVPID,string,,,,,,,Our Future Health Linked NDRS Cancer Pathway,PSEUDONYMISED_AVPID,,Pseuonymised Event ID
nhse_eng_canpat,PSEUDONYMISED_TUMOURID,string,,,,,,,Our Future Health Linked NDRS Cancer Pathway,PSEUDONYMISED_TUMOURID,,Pseudonymised tumour ID
nhse_eng_canpat,ROW_ID,string,local,,,,,,Our Future Health Linked NDRS Cancer Pathway,ROW_ID,,OFH generated local key
nhse_eng_canpat,SOURCE_ID,string,,,,,,,Our Future Health Linked NDRS Cancer Pathway,SOURCE_ID,,Unique ID of the record in the source table
nhse_eng_canpat,SOURCE_TABLE,string,,,,,,,Our Future Health Linked NDRS Cancer Pathway,SOURCE_TABLE,,Source of event data
nhse_eng_canreg_pattumour,BEHAVIOUR_CODED,string,,BEHAVIOUR_CODED_pattumour_coding,,,,,Our Future Health Linked NDRS Cancer Registry Patient Tumour,BEHAVIOUR_CODED,,Numeric behaviour code and description
nhse_eng_canreg_pattumour,BEHAVIOUR_CODED_DESC,string,,,,,,,Our Future Health Linked NDRS Cancer Registry Patient Tumour,BEHAVIOUR_CODED_DESC,,Numeric behaviour code and description
nhse_eng_canreg_pattumour,BEHAVIOUR_ICD10_O2,string,,BEHAVIOUR_ICD10_O2_pattumour_coding,,,,,Our Future Health Linked NDRS Cancer Registry Patient Tumour,BEHAVIOUR_ICD10_O2,,"Behaviour of the cancer, in the ICD-10-O2 system"
nhse_eng_canreg_pattumour,BIGTUMOURCOUNT,integer,,,,,,,Our Future Health Linked NDRS Cancer Registry Patient Tumour,BIGTUMOURCOUNT,,Count of every tumour assigned to this PatientID
nhse_eng_canreg_pattumour,CODING_SYSTEM,string,,CODING_SYSTEM_pattumour_coding,,,,,Our Future Health Linked NDRS Cancer Registry Patient Tumour,CODING_SYSTEM,,The coding system used to register the tumour (code and description)
nhse_eng_canreg_pattumour,CODING_SYSTEM_DESC,string,,,,,,,Our Future Health Linked NDRS Cancer Registry Patient Tumour,CODING_SYSTEM_DESC,,The coding system used to register the tumour (code and description)
nhse_eng_canreg_pattumour,DIAGNOSISDATE1,date,,,,,,,Our Future Health Linked NDRS Cancer Registry Patient Tumour,DIAGNOSISDATE1,,Earliest date when the diagnosis may have taken place
nhse_eng_canreg_pattumour,DIAGNOSISDATE2,date,,,,,,,Our Future Health Linked NDRS Cancer Registry Patient Tumour,DIAGNOSISDATE2,,Latest date when the diagnosis may have taken place
nhse_eng_canreg_pattumour,DIAGNOSISDATEBEST,date,,,,,,,Our Future Health Linked NDRS Cancer Registry Patient Tumour,DIAGNOSISDATEBEST,,Diagnosis date
nhse_eng_canreg_pattumour,DUKES,string,,DUKES_pattumour_coding,yes,,,,Our Future Health Linked NDRS Cancer Registry Patient Tumour,DUKES,,Dukes' stage
nhse_eng_canreg_pattumour,ER_SCORE,string,,,,,,,Our Future Health Linked NDRS Cancer Registry Patient Tumour,ER_SCORE,,Oestrogen receptor score of the tumour
nhse_eng_canreg_pattumour,ER_STATUS,string,,ER_STATUS_pattumour_coding,yes,,,,Our Future Health Linked NDRS Cancer Registry Patient Tumour,ER_STATUS,,Oestrogen receptor status of the tumour
nhse_eng_canreg_pattumour,FIGO,string,,,,,,,Our Future Health Linked NDRS Cancer Registry Patient Tumour,FIGO,,FIGO stage
nhse_eng_canreg_pattumour,GLEASON_COMBINED,integer,,,,,,,Our Future Health Linked NDRS Cancer Registry Patient Tumour,GLEASON_COMBINED,,Combined Gleason primary and secondary scores
nhse_eng_canreg_pattumour,GLEASON_PRIMARY,integer,,GLEASON_PRIMARY_pattumour_coding,yes,,,,Our Future Health Linked NDRS Cancer Registry Patient Tumour,GLEASON_PRIMARY,,Gleason primary pattern
nhse_eng_canreg_pattumour,GLEASON_SECONDARY,integer,,GLEASON_SECONDARY_pattumour_coding,yes,,,,Our Future Health Linked NDRS Cancer Registry Patient Tumour,GLEASON_SECONDARY,,Gleason secondary pattern
nhse_eng_canreg_pattumour,GLEASON_TERTIARY,integer,,GLEASON_TERTIARY_pattumour_coding,yes,,,,Our Future Health Linked NDRS Cancer Registry Patient Tumour,GLEASON_TERTIARY,,Gleason tertiary pattern
nhse_eng_canreg_pattumour,GRADE,string,,GRADE_pattumour_coding,yes,,,,Our Future Health Linked NDRS Cancer Registry Patient Tumour,GRADE,,Grade of tumour
nhse_eng_canreg_pattumour,HER2_STATUS,string,,HER2_STATUS_pattumour_coding,yes,,,,Our Future Health Linked NDRS Cancer Registry Patient Tumour,HER2_STATUS,,Human Epidermal Growth Factor Receptor 2 (HER2) status of the tumour
nhse_eng_canreg_pattumour,HISTOLOGY_CODED,string,,MORPH_coding,yes,,,,Our Future Health Linked NDRS Cancer Registry Patient Tumour,HISTOLOGY_CODED,,Histology code and description
nhse_eng_canreg_pattumour,HISTOLOGY_CODED_DESC,string,,,,,,,Our Future Health Linked NDRS Cancer Registry Patient Tumour,HISTOLOGY_CODED_DESC,,Histology code and description
nhse_eng_canreg_pattumour,IMD_QUINTILE,string,,,,,,,Our Future Health Linked NDRS Cancer Registry Patient Tumour,IMD_QUINTILE,,"Measure of deprivation at small area level made up from the IMD, quintiles are calculated from LSOAs"
nhse_eng_canreg_pattumour,LATERALITY,string,,LATERALITY_pattumour_coding,,,,,Our Future Health Linked NDRS Cancer Registry Patient Tumour,LATERALITY,,Laterality
nhse_eng_canreg_pattumour,MORPH_CODED,string,,,,,,,Our Future Health Linked NDRS Cancer Registry Patient Tumour,MORPH_CODED,,"Morphology of the cancer, in the coding system that the tumour was originally coded in."
nhse_eng_canreg_pattumour,MORPH_ICD10_O2,string,,,,,,,Our Future Health Linked NDRS Cancer Registry Patient Tumour,MORPH_ICD10_O2,,"Morphology of the cancer, in the ICD-10-O2 system"
nhse_eng_canreg_pattumour,M_BEST,string,,UICC_M_coding,yes,,,,Our Future Health Linked NDRS Cancer Registry Patient Tumour,M_BEST,,M stage flagged by the registry as the ‘best’  M stage
nhse_eng_canreg_pattumour,NODESEXCISED,integer,,,,,,,Our Future Health Linked NDRS Cancer Registry Patient Tumour,NODESEXCISED,,Number of nodes excised
nhse_eng_canreg_pattumour,NODESINVOLVED,integer,,,,,,,Our Future Health Linked NDRS Cancer Registry Patient Tumour,NODESINVOLVED,,Number of nodes involved
nhse_eng_canreg_pattumour,NPI,float,,,,,,,Our Future Health Linked NDRS Cancer Registry Patient Tumour,NPI,,Nottingham Prognostic Index Score
nhse_eng_canreg_pattumour,N_BEST,string,,UICC_N_coding,yes,,,,Our Future Health Linked NDRS Cancer Registry Patient Tumour,N_BEST,,N stage flagged by the registry as the ‘best’ N stage
nhse_eng_canreg_pattumour,PID,string,,,,,participant:PID,many_to_one,Our Future Health Linked NDRS Cancer Registry Patient Tumour,PID,,Participant ID
nhse_eng_canreg_pattumour,PR_SCORE,string,,,,,,,Our Future Health Linked NDRS Cancer Registry Patient Tumour,PR_SCORE,,Progesterone receptor score of the tumour
nhse_eng_canreg_pattumour,PR_STATUS,string,,PR_STATUS_pattumour_coding,yes,,,,Our Future Health Linked NDRS Cancer Registry Patient Tumour,PR_STATUS,,Progesterone receptor status of the tumour
nhse_eng_canreg_pattumour,PSEUDONYMISED_TUMOURID,string,,,,,,,Our Future Health Linked NDRS Cancer Registry Patient Tumour,PSEUDONYMISED_TUMOURID,,Pseudonymised tumour ID
nhse_eng_canreg_pattumour,ROW_ID,string,local,,,,,,Our Future Health Linked NDRS Cancer Registry Patient Tumour,ROW_ID,,OFH generated local key
nhse_eng_canreg_pattumour,SCREENDETECTED,string,,SCREENDETECTED_pattumour_coding,,,,,Our Future Health Linked NDRS Cancer Registry Patient Tumour,SCREENDETECTED,,Screen detected cancer
nhse_eng_canreg_pattumour,SCREENINGSTATUSCOSD_CODE,string,,SCREENINGSTATUSCOSD_CODE_pattumour_coding,,,,,Our Future Health Linked NDRS Cancer Registry Patient Tumour,SCREENINGSTATUSCOSD_CODE,,Screening status of the tumour (code and description)
nhse_eng_canreg_pattumour,SCREENINGSTATUSCOSD_NAME,string,,,,,,,Our Future Health Linked NDRS Cancer Registry Patient Tumour,SCREENINGSTATUSCOSD_NAME,,Screening status of the tumour (code and description)
nhse_eng_canreg_pattumour,SCREENINGSTATUSFULL_CODE,string,,,,,,,Our Future Health Linked NDRS Cancer Registry Patient Tumour,SCREENINGSTATUSFULL_CODE,,Full detailed screening status of the tumour code and description
nhse_eng_canreg_pattumour,SCREENINGSTATUSFULL_NAME,string,,,,,,,Our Future Health Linked NDRS Cancer Registry Patient Tumour,SCREENINGSTATUSFULL_NAME,,Full detailed screening status of the tumour code and description
nhse_eng_canreg_pattumour,SITE_CODED,string,,,,,,,Our Future Health Linked NDRS Cancer Registry Patient Tumour,SITE_CODED,,Site of the cancer and text description
nhse_eng_canreg_pattumour,SITE_CODED_3CHAR,string,,,,,,,Our Future Health Linked NDRS Cancer Registry Patient Tumour,SITE_CODED_3CHAR,,3 digit version of SITE_CODED
nhse_eng_canreg_pattumour,SITE_CODED_DESC,string,,,,,,,Our Future Health Linked NDRS Cancer Registry Patient Tumour,SITE_CODED_DESC,,Site of the cancer and text description
nhse_eng_canreg_pattumour,SITE_ICD10_O2,string,,ICD10_coding,yes,,,,Our Future Health Linked NDRS Cancer Registry Patient Tumour,SITE_ICD10_O2,,Site of neoplasm (4-character ICD-10-O2 code)
nhse_eng_canreg_pattumour,STAGE_BEST,string,,STAGE_BEST_pattumour_coding,yes,,,,Our Future Health Linked NDRS Cancer Registry Patient Tumour,STAGE_BEST,,Best ‘registry’ stage at diagnosis of the tumour
nhse_eng_canreg_pattumour,STAGE_BEST_SYSTEM,string,,,,,,,Our Future Health Linked NDRS Cancer Registry Patient Tumour,STAGE_BEST_SYSTEM,,System used to record best registry stage at diagnosis
nhse_eng_canreg_pattumour,TUMOURCOUNT,integer,,,,,,,Our Future Health Linked NDRS Cancer Registry Patient Tumour,TUMOURCOUNT,,Count of every tumour assigned to this PatientID
nhse_eng_canreg_pattumour,TUMOURSIZE,float,,,,,,,Our Future Health Linked NDRS Cancer Registry Patient Tumour,TUMOURSIZE,,Size of the largest dimension of the tumour
nhse_eng_canreg_pattumour,T_BEST,string,,UICC_T_coding,yes,,,,Our Future Health Linked NDRS Cancer Registry Patient Tumour,T_BEST,,T stage flagged by the registry as the ‘best’ T stage
nhse_eng_canreg_treat,CHEMO_ALL_DRUGS,string,,,,,,,Our Future Health Linked NDRS Cancer Registry Treatment,CHEMO_ALL_DRUGS,,Chemotherapy drug name
nhse_eng_canreg_treat,CT_FLAG,integer,,CT_FLAG_treatment_coding,,,,,Our Future Health Linked NDRS Cancer Registry Treatment,CT_FLAG,,Flag to indicate chemotherapy treatment
nhse_eng_canreg_treat,EVENTCODE,string,,EVENTCODE_treatment_coding,yes,,,,Our Future Health Linked NDRS Cancer Registry Treatment,EVENTCODE,,Type of event code and description
nhse_eng_canreg_treat,EVENTDATE,date,,,,,,,Our Future Health Linked NDRS Cancer Registry Treatment,EVENTDATE,,Date the event took place
nhse_eng_canreg_treat,EVENTDESC,string,,,,,,,Our Future Health Linked NDRS Cancer Registry Treatment,EVENTDESC,,Type of event code and description
nhse_eng_canreg_treat,IMAGINGCODE_NICIP,string,,,,,,,Our Future Health Linked NDRS Cancer Registry Treatment,IMAGINGCODE_NICIP,,Imaging code (internal coding system) and description of imaging
nhse_eng_canreg_treat,IMAGINGCODE_SNOMEDCT,string,,,,,,,Our Future Health Linked NDRS Cancer Registry Treatment,IMAGINGCODE_SNOMEDCT,,Imaging code (internal coding system) and description of imaging
nhse_eng_canreg_treat,IMAGINGDESC,string,,,,,,,Our Future Health Linked NDRS Cancer Registry Treatment,IMAGINGDESC,,Imaging code (internal coding system) and description of imaging
nhse_eng_canreg_treat,IMAGINGSITE,string,,OPCS4_coding,yes,,,,Our Future Health Linked NDRS Cancer Registry Treatment,IMAGINGSITE,,Site on body where imaging occurred
nhse_eng_canreg_treat,LESIONSIZE,float,,,,,,,Our Future Health Linked NDRS Cancer Registry Treatment,LESIONSIZE,,Size in millimetres of the diameter of a lesion (histology)
nhse_eng_canreg_treat,OPCS4_CODE,string,,OPCS4_coding,yes,,,,Our Future Health Linked NDRS Cancer Registry Treatment,OPCS4_CODE,,"Operations, procedures and interventions (OPCS-4) code and name"
nhse_eng_canreg_treat,OPCS4_NAME,string,,,,,,,Our Future Health Linked NDRS Cancer Registry Treatment,OPCS4_NAME,,"Operations, procedures and interventions (OPCS-4) code and name"
nhse_eng_canreg_treat,PID,string,,,,,participant:PID,many_to_one,Our Future Health Linked NDRS Cancer Registry Treatment,PID,,Participant ID
nhse_eng_canreg_treat,PSEUDONYMISED_EVENTID,string,,,,,,,Our Future Health Linked NDRS Cancer Registry Treatment,PSEUDONYMISED_EVENTID,,Pseudonymised Event ID
nhse_eng_canreg_treat,PSEUDONYMISED_TUMOURID,string,,,,,,,Our Future Health Linked NDRS Cancer Registry Treatment,PSEUDONYMISED_TUMOURID,,Pseudonymised tumour ID
nhse_eng_canreg_treat,RADIOCODE,string,,RADIOCODE_treatment_coding,,,,,Our Future Health Linked NDRS Cancer Registry Treatment,RADIOCODE,,Radiotherapy code and description
nhse_eng_canreg_treat,RADIODESC,string,,,,,,,Our Future Health Linked NDRS Cancer Registry Treatment,RADIODESC,,Radiotherapy code and description
nhse_eng_canreg_treat,ROW_ID,string,local,,,,,,Our Future Health Linked NDRS Cancer Registry Treatment,ROW_ID,,OFH generated local key
nhse_eng_canreg_treat,RT_FLAG,integer,,RT_FLAG_treatment_coding,,,,,Our Future Health Linked NDRS Cancer Registry Treatment,RT_FLAG,,Flag to indicate radiotherapy treatment
nhse_eng_canreg_treat,SG_FLAG,integer,,SG_FLAG_treatment_coding,,,,,Our Future Health Linked NDRS Cancer Registry Treatment,SG_FLAG,,Flag to indicate surgery
nhse_eng_canreg_treat,SIX_MONTHS_AFTER_FLAG,integer,,SIX_MONTHS_AFTER_FLAG_treatment_coding,,,,,Our Future Health Linked NDRS Cancer Registry Treatment,SIX_MONTHS_AFTER_FLAG,,Treatment six months from date of diagnosis - check flag
nhse_eng_canreg_treat,WITHIN_SIX_MONTHS_FLAG,integer,,WITHIN_SIX_MONTHS_FLAG_treatment_coding,,,,,Our Future Health Linked NDRS Cancer Registry Treatment,WITHIN_SIX_MONTHS_FLAG,,Treatment within 6 months of diagnosis - check flag
nhse_eng_ecds,ACUITY,string,,SNOMED_ECDS_coding,yes,,,,Our Future Health Linked NHS HES ECDS Data,ACUITY,,EMERGENCY CARE ACUITY (SNOMED CT) is the SNOMED CT® concept ID which is used to indicate the acuity of the PATIENT's condition on the EMERGENCY CARE Initial Assessment Timestamp.
nhse_eng_ecds,ARRIVAL_DATE,date,,,,,,,Our Future Health Linked NHS HES ECDS Data,ARRIVAL_DATE,,An Emergency Care Arrival Date may be either: • the Arrival Date At Emergency Care Department or • the Ambulatory Emergency Care Arrival Date.  An Arrival Date At Emergency Care Department is the date the PATIENT self presented at the Emergency Care Department or arrived in an Ambulance at the Emergency Care Department.  V4 - Mapped from EMERGENCY CARE ACTIVITY START DATE AND TIME.
nhse_eng_ecds,ARRIVAL_MODE,string,,SNOMED_ECDS_coding,yes,,,,Our Future Health Linked NHS HES ECDS Data,ARRIVAL_MODE,,EMERGENCY CARE ARRIVAL MODE (SNOMED CT) is the SNOMED CT concept ID which is used to identify the transport mode by which the PATIENT arrived at the EMERGENCY CARE Service.
nhse_eng_ecds,ARRIVAL_TIME,string,,,,,,,Our Future Health Linked NHS HES ECDS Data,ARRIVAL_TIME,,The Emergency Care Arrival Time may be either: • the Arrival Time At Emergency Care Department or • the Ambulatory Emergency Care Arrival Time.  An Arrival Time At Emergency Care Department is the time the PATIENT self presented at the Emergency Care Department or arrived in an Ambulance at the Emergency Care Department.  V4 - Mapped from EMERGENCY CARE ACTIVITY START DATE AND TIME
nhse_eng_ecds,ASSESSMENT_DATE,date,,,,,,,Our Future Health Linked NHS HES ECDS Data,ASSESSMENT_DATE,,"An Emergency Care Initial Assessment Date is the date that the PATIENT is first assessed in the Emergency Care Department.  An initial assessment would include: • the taking of a brief PATIENT medical history • pain assessment • early warning scores (including vital signs).  The assessment should be conducted by a CARE PROFESSIONAL who has received appropriate training.  Note that for piloting purposes only, an Emergency Care Initial Assessment Date may also be the Ambulatory Emergency Care Initial Assessment Date.  V4 - Mapped from EMERGENCY CARE INITIAL ASSESSMENT TIMESTAMP"
nhse_eng_ecds,ASSESSMENT_TIME,string,,,,,,,Our Future Health Linked NHS HES ECDS Data,ASSESSMENT_TIME,,"An Emergency Care Initial Assessment Time is the time that the PATIENT is first assessed in the Emergency Care Department. An initial assessment would include: • the taking of a brief PATIENT medical history • pain assessment • early warning scores (including vital signs).  The assessment should be conducted by a CARE PROFESSIONAL who has received appropriate training.  Note that for piloting purposes only, an Emergency Care Initial Assessment Time may also be the Ambulatory Emergency Care Initial Assessment Time.  V4 - Mapped from EMERGENCY CARE INITIAL ASSESSMENT TIMESTAMP."
nhse_eng_ecds,ATTENDANCE_CATEGORY,string,,ATTENDANCE_CATEGORY_ecds_coding,,,,,Our Future Health Linked NHS HES ECDS Data,ATTENDANCE_CATEGORY,,The category of Emergency Care Attendance or Same Day Emergency Care Attendance
nhse_eng_ecds,ATTENDANCE_SOURCE,string,,SNOMED_ECDS_coding,yes,,,,Our Future Health Linked NHS HES ECDS Data,ATTENDANCE_SOURCE,,EMERGENCY CARE ATTENDANCE SOURCE (SNOMED CT) is the SNOMED CT® concept ID which is used to indicate the source of an EMERGENCY CARE Service.
nhse_eng_ecds,CHIEF_COMPLAINT,string,,SNOMED_ECDS_coding,yes,,,,Our Future Health Linked NHS HES ECDS Data,CHIEF_COMPLAINT,,EMERGENCY CARE CHIEF COMPLAINT (SNOMED CT) is the SNOMED CT concept ID which is used to indicate the nature of the PATIENT’s chief complaint as assessed by the CARE PROFESSIONAL first assessing the PATIENT.
nhse_eng_ecds,CODE_CLEANING_APPLIED,string,,CODE_CLEANING_APPLIED_ecds_coding,,,,,Our Future Health Linked NHS HES ECDS Data,CODE_CLEANING_APPLIED,,Signifies whether relevant clinical codes in the record have been cleaned before submission to grouping.
nhse_eng_ecds,COMORBIDITIES_1,string,,SNOMED_ECDS_coding,yes,,,,Our Future Health Linked NHS HES ECDS Data,COMORBIDITIES_1,,COMORBIDITY (SNOMED CT) is the SNOMED CT concept ID which is used to identify comorbid conditions.
nhse_eng_ecds,COMORBIDITIES_10,string,,SNOMED_ECDS_coding,yes,,,,Our Future Health Linked NHS HES ECDS Data,COMORBIDITIES_10,,COMORBIDITY (SNOMED CT) is the SNOMED CT concept ID which is used to identify comorbid conditions.
nhse_eng_ecds,COMORBIDITIES_2,string,,SNOMED_ECDS_coding,yes,,,,Our Future Health Linked NHS HES ECDS Data,COMORBIDITIES_2,,COMORBIDITY (SNOMED CT) is the SNOMED CT concept ID which is used to identify comorbid conditions.
nhse_eng_ecds,COMORBIDITIES_3,string,,SNOMED_ECDS_coding,yes,,,,Our Future Health Linked NHS HES ECDS Data,COMORBIDITIES_3,,COMORBIDITY (SNOMED CT) is the SNOMED CT concept ID which is used to identify comorbid conditions.
nhse_eng_ecds,COMORBIDITIES_4,string,,SNOMED_ECDS_coding,yes,,,,Our Future Health Linked NHS HES ECDS Data,COMORBIDITIES_4,,COMORBIDITY (SNOMED CT) is the SNOMED CT concept ID which is used to identify comorbid conditions.
nhse_eng_ecds,COMORBIDITIES_5,string,,SNOMED_ECDS_coding,yes,,,,Our Future Health Linked NHS HES ECDS Data,COMORBIDITIES_5,,COMORBIDITY (SNOMED CT) is the SNOMED CT concept ID which is used to identify comorbid conditions.
nhse_eng_ecds,COMORBIDITIES_6,string,,SNOMED_ECDS_coding,yes,,,,Our Future Health Linked NHS HES ECDS Data,COMORBIDITIES_6,,COMORBIDITY (SNOMED CT) is the SNOMED CT concept ID which is used to identify comorbid conditions.
nhse_eng_ecds,COMORBIDITIES_7,string,,SNOMED_ECDS_coding,yes,,,,Our Future Health Linked NHS HES ECDS Data,COMORBIDITIES_7,,COMORBIDITY (SNOMED CT) is the SNOMED CT concept ID which is used to identify comorbid conditions.
nhse_eng_ecds,COMORBIDITIES_8,string,,SNOMED_ECDS_coding,yes,,,,Our Future Health Linked NHS HES ECDS Data,COMORBIDITIES_8,,COMORBIDITY (SNOMED CT) is the SNOMED CT concept ID which is used to identify comorbid conditions.
nhse_eng_ecds,COMORBIDITIES_9,string,,SNOMED_ECDS_coding,yes,,,,Our Future Health Linked NHS HES ECDS Data,COMORBIDITIES_9,,COMORBIDITY (SNOMED CT) is the SNOMED CT concept ID which is used to identify comorbid conditions.
nhse_eng_ecds,CONCLUSION_DATE,date,,,,,,,Our Future Health Linked NHS HES ECDS Data,CONCLUSION_DATE,,"The Emergency Care Attendance Conclusion Date may be either: • the Accident and Emergency Attendance Conclusion Date or • the Ambulatory Emergency Care Attendance Conclusion Date. Where the PATIENT dies in the Emergency Care Department, the Emergency Care Attendance Conclusion Date is the same as the PERSON DEATH DATE.  An Accident and Emergency Attendance Conclusion Date is the date that a PATIENT's Accident and Emergency Attendance concludes or when treatment in the Accident and Emergency Department is completed (whichever is the later).  For those PATIENTS admitted into hospital, the ACCIDENT AND EMERGENCY ATTENDANCE CONCLUSION DATE is recorded as the date when the DECISION TO ADMIT was made."
nhse_eng_ecds,CONCLUSION_TIME,string,,,,,,,Our Future Health Linked NHS HES ECDS Data,CONCLUSION_TIME,,"The Emergency Care Attendance Conclusion Time may be either: • the Accident and Emergency Attendance Conclusion Time or • the Ambulatory Emergency Care Attendance Conclusion Time.  Where the PATIENT dies in the Emergency Care Department, the Emergency Care Attendance Conclusion Time is the same as the PERSON DEATH TIME.  An Accident and Emergency Attendance Conclusion Time is the time, recorded using a 24 hour clock:  • that a PATIENT's Accident and Emergency Attendance concludes or • when treatment in an Accident and Emergency Department is completed (whichever is the later).  For those PATIENTS admitted into hospital, the A and E ATTENDANCE CONCLUSION TIME is recorded as the time when the DECISION TO ADMIT was made. "
nhse_eng_ecds,CONVEYING_AMBULANCE_TRUST_OFH,string,,,,,,,Our Future Health Linked NHS HES ECDS Data,CONVEYING_AMBULANCE_TRUST_OFH,,ORGANISATION IDENTIFIER (CONVEYING AMBULANCE TRUST) is the ORGANISATION IDENTIFIER of an Ambulance Service which conveys a PATIENT on a PATIENT TRANSPORT JOURNEY. (Pseudonymised by OFH)
nhse_eng_ecds,DECIDED_TO_ADMIT_DATE,date,,,,,,,Our Future Health Linked NHS HES ECDS Data,DECIDED_TO_ADMIT_DATE,,The date a DECISION TO ADMIT was made.  V4 - Mapped from DECIDED TO ADMIT DATE AND TIME.
nhse_eng_ecds,DECIDED_TO_ADMIT_TIME,string,,,,,,,Our Future Health Linked NHS HES ECDS Data,DECIDED_TO_ADMIT_TIME,,The time a DECISION TO ADMIT was made.  V4 - Mapped from DECIDED TO ADMIT DATE AND TIME.
nhse_eng_ecds,DEPARTMENT_TYPE,string,,DEPARTMENT_TYPE_ecds_coding,yes,,,,Our Future Health Linked NHS HES ECDS Data,DEPARTMENT_TYPE,,The type of Emergency Care Department  V4 - Mapped from EMERGENCY CARE ACTIVITY TYPE
nhse_eng_ecds,DEPARTURE_DATE,date,,,,,,,Our Future Health Linked NHS HES ECDS Data,DEPARTURE_DATE,,"An Emergency Care Departure Date is the date that a PATIENT leaves an Emergency Care Department after an Emergency Care Attendance has concluded. Notes: • For PATIENTS who die in an Emergency Care Department the Emergency Care Departure Date is the date the body was removed from the Emergency Care Department. • The PATIENT may leave the Emergency Care Department temporarily during an Emergency Care Attendance, for example for an X-ray, but they remain under the care of an emergency care CONSULTANT.  Note that for piloting purposes only, an Emergency Care Departure Date may also be the Ambulatory Emergency Care Departure Date.  V4 - Mapped from EMERGENCY CARE ACTIVITY END TIMESTAMP."
nhse_eng_ecds,DEPARTURE_TIME,string,,,,,,,Our Future Health Linked NHS HES ECDS Data,DEPARTURE_TIME,,"An Emergency Care Departure Time is the time recorded using a 24 hour clock that a PATIENT leaves an Emergency Care Department after an Emergency Care Attendance has concluded. Notes: • For PATIENTS who die in an Emergency Care Department the Emergency Care Departure Time is the time the body was removed from the Emergency Care Department. • The PATIENT may leave the Emergency Care Department temporarily during an Emergency Care Attendance, for example for an X-ray, but they remain under the care of an emergency care CONSULTANT.  Note that for piloting purposes only, an Emergency Care Departure Time may also be the Ambulatory Emergency Care Departure Time.  V4 - Mapped from EMERGENCY CARE ACTIVITY END TIMESTAMP."
nhse_eng_ecds,DIAGNOSIS_CODE_1,string,,SNOMED_ECDS_coding,yes,,,,Our Future Health Linked NHS HES ECDS Data,DIAGNOSIS_CODE_1,,"EMERGENCY CARE DIAGNOSIS (SNOMED CT) is the SNOMED CT® concept ID which is used to identify the PATIENT DIAGNOSIS recorded during an EMERGENCY CARE Activity. SNOMED CT terminology is constantly being reviewed, and with the introduction of ECDS Diagnosis Max, in November 2023, having over 58,000 valid diagnosis codes, analysts need to consider changes in these codes when tracking activity over time, as results may not be reflective for whole reported period."
nhse_eng_ecds,DIAGNOSIS_CODE_10,string,,SNOMED_ECDS_coding,yes,,,,Our Future Health Linked NHS HES ECDS Data,DIAGNOSIS_CODE_10,,"EMERGENCY CARE DIAGNOSIS (SNOMED CT) is the SNOMED CT® concept ID which is used to identify the PATIENT DIAGNOSIS recorded during an EMERGENCY CARE Activity. SNOMED CT terminology is constantly being reviewed, and with the introduction of ECDS Diagnosis Max, in November 2023, having over 58,000 valid diagnosis codes, analysts need to consider changes in these codes when tracking activity over time, as results may not be reflective for whole reported period."
nhse_eng_ecds,DIAGNOSIS_CODE_11,string,,SNOMED_ECDS_coding,yes,,,,Our Future Health Linked NHS HES ECDS Data,DIAGNOSIS_CODE_11,,"EMERGENCY CARE DIAGNOSIS (SNOMED CT) is the SNOMED CT® concept ID which is used to identify the PATIENT DIAGNOSIS recorded during an EMERGENCY CARE Activity. SNOMED CT terminology is constantly being reviewed, and with the introduction of ECDS Diagnosis Max, in November 2023, having over 58,000 valid diagnosis codes, analysts need to consider changes in these codes when tracking activity over time, as results may not be reflective for whole reported period."
nhse_eng_ecds,DIAGNOSIS_CODE_12,string,,SNOMED_ECDS_coding,yes,,,,Our Future Health Linked NHS HES ECDS Data,DIAGNOSIS_CODE_12,,"EMERGENCY CARE DIAGNOSIS (SNOMED CT) is the SNOMED CT® concept ID which is used to identify the PATIENT DIAGNOSIS recorded during an EMERGENCY CARE Activity. SNOMED CT terminology is constantly being reviewed, and with the introduction of ECDS Diagnosis Max, in November 2023, having over 58,000 valid diagnosis codes, analysts need to consider changes in these codes when tracking activity over time, as results may not be reflective for whole reported period."
nhse_eng_ecds,DIAGNOSIS_CODE_2,string,,SNOMED_ECDS_coding,yes,,,,Our Future Health Linked NHS HES ECDS Data,DIAGNOSIS_CODE_2,,"EMERGENCY CARE DIAGNOSIS (SNOMED CT) is the SNOMED CT® concept ID which is used to identify the PATIENT DIAGNOSIS recorded during an EMERGENCY CARE Activity. SNOMED CT terminology is constantly being reviewed, and with the introduction of ECDS Diagnosis Max, in November 2023, having over 58,000 valid diagnosis codes, analysts need to consider changes in these codes when tracking activity over time, as results may not be reflective for whole reported period."
nhse_eng_ecds,DIAGNOSIS_CODE_3,string,,SNOMED_ECDS_coding,yes,,,,Our Future Health Linked NHS HES ECDS Data,DIAGNOSIS_CODE_3,,"EMERGENCY CARE DIAGNOSIS (SNOMED CT) is the SNOMED CT® concept ID which is used to identify the PATIENT DIAGNOSIS recorded during an EMERGENCY CARE Activity. SNOMED CT terminology is constantly being reviewed, and with the introduction of ECDS Diagnosis Max, in November 2023, having over 58,000 valid diagnosis codes, analysts need to consider changes in these codes when tracking activity over time, as results may not be reflective for whole reported period."
nhse_eng_ecds,DIAGNOSIS_CODE_4,string,,SNOMED_ECDS_coding,yes,,,,Our Future Health Linked NHS HES ECDS Data,DIAGNOSIS_CODE_4,,"EMERGENCY CARE DIAGNOSIS (SNOMED CT) is the SNOMED CT® concept ID which is used to identify the PATIENT DIAGNOSIS recorded during an EMERGENCY CARE Activity. SNOMED CT terminology is constantly being reviewed, and with the introduction of ECDS Diagnosis Max, in November 2023, having over 58,000 valid diagnosis codes, analysts need to consider changes in these codes when tracking activity over time, as results may not be reflective for whole reported period."
nhse_eng_ecds,DIAGNOSIS_CODE_5,string,,SNOMED_ECDS_coding,yes,,,,Our Future Health Linked NHS HES ECDS Data,DIAGNOSIS_CODE_5,,"EMERGENCY CARE DIAGNOSIS (SNOMED CT) is the SNOMED CT® concept ID which is used to identify the PATIENT DIAGNOSIS recorded during an EMERGENCY CARE Activity. SNOMED CT terminology is constantly being reviewed, and with the introduction of ECDS Diagnosis Max, in November 2023, having over 58,000 valid diagnosis codes, analysts need to consider changes in these codes when tracking activity over time, as results may not be reflective for whole reported period."
nhse_eng_ecds,DIAGNOSIS_CODE_6,string,,SNOMED_ECDS_coding,yes,,,,Our Future Health Linked NHS HES ECDS Data,DIAGNOSIS_CODE_6,,"EMERGENCY CARE DIAGNOSIS (SNOMED CT) is the SNOMED CT® concept ID which is used to identify the PATIENT DIAGNOSIS recorded during an EMERGENCY CARE Activity. SNOMED CT terminology is constantly being reviewed, and with the introduction of ECDS Diagnosis Max, in November 2023, having over 58,000 valid diagnosis codes, analysts need to consider changes in these codes when tracking activity over time, as results may not be reflective for whole reported period."
nhse_eng_ecds,DIAGNOSIS_CODE_7,string,,SNOMED_ECDS_coding,yes,,,,Our Future Health Linked NHS HES ECDS Data,DIAGNOSIS_CODE_7,,"EMERGENCY CARE DIAGNOSIS (SNOMED CT) is the SNOMED CT® concept ID which is used to identify the PATIENT DIAGNOSIS recorded during an EMERGENCY CARE Activity. SNOMED CT terminology is constantly being reviewed, and with the introduction of ECDS Diagnosis Max, in November 2023, having over 58,000 valid diagnosis codes, analysts need to consider changes in these codes when tracking activity over time, as results may not be reflective for whole reported period."
nhse_eng_ecds,DIAGNOSIS_CODE_8,string,,SNOMED_ECDS_coding,yes,,,,Our Future Health Linked NHS HES ECDS Data,DIAGNOSIS_CODE_8,,"EMERGENCY CARE DIAGNOSIS (SNOMED CT) is the SNOMED CT® concept ID which is used to identify the PATIENT DIAGNOSIS recorded during an EMERGENCY CARE Activity. SNOMED CT terminology is constantly being reviewed, and with the introduction of ECDS Diagnosis Max, in November 2023, having over 58,000 valid diagnosis codes, analysts need to consider changes in these codes when tracking activity over time, as results may not be reflective for whole reported period."
nhse_eng_ecds,DIAGNOSIS_CODE_9,string,,SNOMED_ECDS_coding,yes,,,,Our Future Health Linked NHS HES ECDS Data,DIAGNOSIS_CODE_9,,"EMERGENCY CARE DIAGNOSIS (SNOMED CT) is the SNOMED CT® concept ID which is used to identify the PATIENT DIAGNOSIS recorded during an EMERGENCY CARE Activity. SNOMED CT terminology is constantly being reviewed, and with the introduction of ECDS Diagnosis Max, in November 2023, having over 58,000 valid diagnosis codes, analysts need to consider changes in these codes when tracking activity over time, as results may not be reflective for whole reported period."
nhse_eng_ecds,DIAGNOSIS_QUALIFIER_1,string,,SNOMED_ECDS_coding,yes,,,,Our Future Health Linked NHS HES ECDS Data,DIAGNOSIS_QUALIFIER_1,,EMERGENCY CARE DIAGNOSIS QUALIFIER (SNOMED CT) is the SNOMED CT® concept ID which is used to express the level of certainty of a PATIENT DIAGNOSIS recorded during an EMERGENCY CARE Activity.
nhse_eng_ecds,DIAGNOSIS_QUALIFIER_10,string,,SNOMED_ECDS_coding,yes,,,,Our Future Health Linked NHS HES ECDS Data,DIAGNOSIS_QUALIFIER_10,,EMERGENCY CARE DIAGNOSIS QUALIFIER (SNOMED CT) is the SNOMED CT® concept ID which is used to express the level of certainty of a PATIENT DIAGNOSIS recorded during an EMERGENCY CARE Activity.
nhse_eng_ecds,DIAGNOSIS_QUALIFIER_11,string,,SNOMED_ECDS_coding,yes,,,,Our Future Health Linked NHS HES ECDS Data,DIAGNOSIS_QUALIFIER_11,,EMERGENCY CARE DIAGNOSIS QUALIFIER (SNOMED CT) is the SNOMED CT® concept ID which is used to express the level of certainty of a PATIENT DIAGNOSIS recorded during an EMERGENCY CARE Activity.
nhse_eng_ecds,DIAGNOSIS_QUALIFIER_12,string,,SNOMED_ECDS_coding,yes,,,,Our Future Health Linked NHS HES ECDS Data,DIAGNOSIS_QUALIFIER_12,,EMERGENCY CARE DIAGNOSIS QUALIFIER (SNOMED CT) is the SNOMED CT® concept ID which is used to express the level of certainty of a PATIENT DIAGNOSIS recorded during an EMERGENCY CARE Activity.
nhse_eng_ecds,DIAGNOSIS_QUALIFIER_2,string,,SNOMED_ECDS_coding,yes,,,,Our Future Health Linked NHS HES ECDS Data,DIAGNOSIS_QUALIFIER_2,,EMERGENCY CARE DIAGNOSIS QUALIFIER (SNOMED CT) is the SNOMED CT® concept ID which is used to express the level of certainty of a PATIENT DIAGNOSIS recorded during an EMERGENCY CARE Activity.
nhse_eng_ecds,DIAGNOSIS_QUALIFIER_3,string,,SNOMED_ECDS_coding,yes,,,,Our Future Health Linked NHS HES ECDS Data,DIAGNOSIS_QUALIFIER_3,,EMERGENCY CARE DIAGNOSIS QUALIFIER (SNOMED CT) is the SNOMED CT® concept ID which is used to express the level of certainty of a PATIENT DIAGNOSIS recorded during an EMERGENCY CARE Activity.
nhse_eng_ecds,DIAGNOSIS_QUALIFIER_4,string,,SNOMED_ECDS_coding,yes,,,,Our Future Health Linked NHS HES ECDS Data,DIAGNOSIS_QUALIFIER_4,,EMERGENCY CARE DIAGNOSIS QUALIFIER (SNOMED CT) is the SNOMED CT® concept ID which is used to express the level of certainty of a PATIENT DIAGNOSIS recorded during an EMERGENCY CARE Activity.
nhse_eng_ecds,DIAGNOSIS_QUALIFIER_5,string,,SNOMED_ECDS_coding,yes,,,,Our Future Health Linked NHS HES ECDS Data,DIAGNOSIS_QUALIFIER_5,,EMERGENCY CARE DIAGNOSIS QUALIFIER (SNOMED CT) is the SNOMED CT® concept ID which is used to express the level of certainty of a PATIENT DIAGNOSIS recorded during an EMERGENCY CARE Activity.
nhse_eng_ecds,DIAGNOSIS_QUALIFIER_6,string,,SNOMED_ECDS_coding,yes,,,,Our Future Health Linked NHS HES ECDS Data,DIAGNOSIS_QUALIFIER_6,,EMERGENCY CARE DIAGNOSIS QUALIFIER (SNOMED CT) is the SNOMED CT® concept ID which is used to express the level of certainty of a PATIENT DIAGNOSIS recorded during an EMERGENCY CARE Activity.
nhse_eng_ecds,DIAGNOSIS_QUALIFIER_7,string,,SNOMED_ECDS_coding,yes,,,,Our Future Health Linked NHS HES ECDS Data,DIAGNOSIS_QUALIFIER_7,,EMERGENCY CARE DIAGNOSIS QUALIFIER (SNOMED CT) is the SNOMED CT® concept ID which is used to express the level of certainty of a PATIENT DIAGNOSIS recorded during an EMERGENCY CARE Activity.
nhse_eng_ecds,DIAGNOSIS_QUALIFIER_8,string,,SNOMED_ECDS_coding,yes,,,,Our Future Health Linked NHS HES ECDS Data,DIAGNOSIS_QUALIFIER_8,,EMERGENCY CARE DIAGNOSIS QUALIFIER (SNOMED CT) is the SNOMED CT® concept ID which is used to express the level of certainty of a PATIENT DIAGNOSIS recorded during an EMERGENCY CARE Activity.
nhse_eng_ecds,DIAGNOSIS_QUALIFIER_9,string,,SNOMED_ECDS_coding,yes,,,,Our Future Health Linked NHS HES ECDS Data,DIAGNOSIS_QUALIFIER_9,,EMERGENCY CARE DIAGNOSIS QUALIFIER (SNOMED CT) is the SNOMED CT® concept ID which is used to express the level of certainty of a PATIENT DIAGNOSIS recorded during an EMERGENCY CARE Activity.
nhse_eng_ecds,DISCHARGE_DESTINATION,string,,SNOMED_ECDS_coding,yes,,,,Our Future Health Linked NHS HES ECDS Data,DISCHARGE_DESTINATION,,EMERGENCY CARE DISCHARGE DESTINATION (SNOMED CT) is theSNOMED CT® concept ID which is used to identify the intended destination of the PATIENT following discharge from an EMERGENCY CARE Activity.
nhse_eng_ecds,DISCHARGE_FOLLOW_UP,string,,SNOMED_ECDS_coding,yes,,,,Our Future Health Linked NHS HES ECDS Data,DISCHARGE_FOLLOW_UP,,EMERGENCY CARE DISCHARGE FOLLOW UP (SNOMED CT) is the SNOMED CT® concept ID which is used to identify the SERVICE to which a PATIENT was referred for continuing care following an EMERGENCY CARE Activity.
nhse_eng_ecds,DISCHARGE_STATUS,string,,,,,,,Our Future Health Linked NHS HES ECDS Data,DISCHARGE_STATUS,,"The status of the PATIENT on discharge from an EMERGENCY CARE Service. Captures whether treatment took place within the EMERGENCY CARE Service, if the patient was streamed to another service or if the patient left before treatment was complete."
nhse_eng_ecds,EPIKEY,string,,,,,,,Our Future Health Linked NHS HES ECDS Data,EPIKEY,,This field is present on A&E and APC linked records only. Linkage between these two datasets enables patient pathways to be followed and provides additional information beyond what is available from the standalone datasets.   EPIKEY represents the record identifier of the APC episode that the A&E attendance has been linked to.  The methodology used to link A&E and APC records is currently under review
nhse_eng_ecds,INJURY_ACTIVITY_STATUS,string,,,,,,,Our Future Health Linked NHS HES ECDS Data,INJURY_ACTIVITY_STATUS,,The status of activity being undertaken by the patient at the moment the injury occurred.
nhse_eng_ecds,INJURY_ACTIVITY_TYPE,string,,,,,,,Our Future Health Linked NHS HES ECDS Data,INJURY_ACTIVITY_TYPE,,The type of activity being undertaken by the person at the moment the injury occurred.
nhse_eng_ecds,INJURY_DATE,date,,,,,,,Our Future Health Linked NHS HES ECDS Data,INJURY_DATE,,The date that the injury occurred.  V4 - Mapped from INJURY DATE AND TIME.
nhse_eng_ecds,INJURY_TIME,string,,,,,,,Our Future Health Linked NHS HES ECDS Data,INJURY_TIME,,The time that the injury occurred.  V4 - Mapped from INJURY DATE AND TIME.
nhse_eng_ecds,INVESTIGATION_CODE_1,string,,SNOMED_ECDS_coding,yes,,,,Our Future Health Linked NHS HES ECDS Data,INVESTIGATION_CODE_1,,EMERGENCY CARE CLINICAL INVESTIGATION (SNOMED CT) is the SNOMED CT® concept ID which is used to identify a Clinical Investigation performed while a PATIENT is under the care of an EMERGENCY CARE Service.
nhse_eng_ecds,INVESTIGATION_CODE_10,string,,SNOMED_ECDS_coding,yes,,,,Our Future Health Linked NHS HES ECDS Data,INVESTIGATION_CODE_10,,EMERGENCY CARE CLINICAL INVESTIGATION (SNOMED CT) is the SNOMED CT® concept ID which is used to identify a Clinical Investigation performed while a PATIENT is under the care of an EMERGENCY CARE Service.
nhse_eng_ecds,INVESTIGATION_CODE_11,string,,SNOMED_ECDS_coding,yes,,,,Our Future Health Linked NHS HES ECDS Data,INVESTIGATION_CODE_11,,EMERGENCY CARE CLINICAL INVESTIGATION (SNOMED CT) is the SNOMED CT® concept ID which is used to identify a Clinical Investigation performed while a PATIENT is under the care of an EMERGENCY CARE Service.
nhse_eng_ecds,INVESTIGATION_CODE_12,string,,SNOMED_ECDS_coding,yes,,,,Our Future Health Linked NHS HES ECDS Data,INVESTIGATION_CODE_12,,EMERGENCY CARE CLINICAL INVESTIGATION (SNOMED CT) is the SNOMED CT® concept ID which is used to identify a Clinical Investigation performed while a PATIENT is under the care of an EMERGENCY CARE Service.
nhse_eng_ecds,INVESTIGATION_CODE_2,string,,SNOMED_ECDS_coding,yes,,,,Our Future Health Linked NHS HES ECDS Data,INVESTIGATION_CODE_2,,EMERGENCY CARE CLINICAL INVESTIGATION (SNOMED CT) is the SNOMED CT® concept ID which is used to identify a Clinical Investigation performed while a PATIENT is under the care of an EMERGENCY CARE Service.
nhse_eng_ecds,INVESTIGATION_CODE_3,string,,SNOMED_ECDS_coding,yes,,,,Our Future Health Linked NHS HES ECDS Data,INVESTIGATION_CODE_3,,EMERGENCY CARE CLINICAL INVESTIGATION (SNOMED CT) is the SNOMED CT® concept ID which is used to identify a Clinical Investigation performed while a PATIENT is under the care of an EMERGENCY CARE Service.
nhse_eng_ecds,INVESTIGATION_CODE_4,string,,SNOMED_ECDS_coding,yes,,,,Our Future Health Linked NHS HES ECDS Data,INVESTIGATION_CODE_4,,EMERGENCY CARE CLINICAL INVESTIGATION (SNOMED CT) is the SNOMED CT® concept ID which is used to identify a Clinical Investigation performed while a PATIENT is under the care of an EMERGENCY CARE Service.
nhse_eng_ecds,INVESTIGATION_CODE_5,string,,SNOMED_ECDS_coding,yes,,,,Our Future Health Linked NHS HES ECDS Data,INVESTIGATION_CODE_5,,EMERGENCY CARE CLINICAL INVESTIGATION (SNOMED CT) is the SNOMED CT® concept ID which is used to identify a Clinical Investigation performed while a PATIENT is under the care of an EMERGENCY CARE Service.
nhse_eng_ecds,INVESTIGATION_CODE_6,string,,SNOMED_ECDS_coding,yes,,,,Our Future Health Linked NHS HES ECDS Data,INVESTIGATION_CODE_6,,EMERGENCY CARE CLINICAL INVESTIGATION (SNOMED CT) is the SNOMED CT® concept ID which is used to identify a Clinical Investigation performed while a PATIENT is under the care of an EMERGENCY CARE Service.
nhse_eng_ecds,INVESTIGATION_CODE_7,string,,SNOMED_ECDS_coding,yes,,,,Our Future Health Linked NHS HES ECDS Data,INVESTIGATION_CODE_7,,EMERGENCY CARE CLINICAL INVESTIGATION (SNOMED CT) is the SNOMED CT® concept ID which is used to identify a Clinical Investigation performed while a PATIENT is under the care of an EMERGENCY CARE Service.
nhse_eng_ecds,INVESTIGATION_CODE_8,string,,SNOMED_ECDS_coding,yes,,,,Our Future Health Linked NHS HES ECDS Data,INVESTIGATION_CODE_8,,EMERGENCY CARE CLINICAL INVESTIGATION (SNOMED CT) is the SNOMED CT® concept ID which is used to identify a Clinical Investigation performed while a PATIENT is under the care of an EMERGENCY CARE Service.
nhse_eng_ecds,INVESTIGATION_CODE_9,string,,SNOMED_ECDS_coding,yes,,,,Our Future Health Linked NHS HES ECDS Data,INVESTIGATION_CODE_9,,EMERGENCY CARE CLINICAL INVESTIGATION (SNOMED CT) is the SNOMED CT® concept ID which is used to identify a Clinical Investigation performed while a PATIENT is under the care of an EMERGENCY CARE Service.
nhse_eng_ecds,INVESTIGATION_DATE_1,date,,,,,,,Our Future Health Linked NHS HES ECDS Data,INVESTIGATION_DATE_1,,The date on which investigations were performed while the person was under the care of the Emergency Care facility.  V4 - Mapped from CODED PROCEDURE TIMESTAMP (EMERGENCY CARE CLINICAL INVESTIGATION).
nhse_eng_ecds,INVESTIGATION_DATE_10,date,,,,,,,Our Future Health Linked NHS HES ECDS Data,INVESTIGATION_DATE_10,,The date on which investigations were performed while the person was under the care of the Emergency Care facility.  V4 - Mapped from CODED PROCEDURE TIMESTAMP (EMERGENCY CARE CLINICAL INVESTIGATION).
nhse_eng_ecds,INVESTIGATION_DATE_11,date,,,,,,,Our Future Health Linked NHS HES ECDS Data,INVESTIGATION_DATE_11,,The date on which investigations were performed while the person was under the care of the Emergency Care facility.  V4 - Mapped from CODED PROCEDURE TIMESTAMP (EMERGENCY CARE CLINICAL INVESTIGATION).
nhse_eng_ecds,INVESTIGATION_DATE_12,date,,,,,,,Our Future Health Linked NHS HES ECDS Data,INVESTIGATION_DATE_12,,The date on which investigations were performed while the person was under the care of the Emergency Care facility.  V4 - Mapped from CODED PROCEDURE TIMESTAMP (EMERGENCY CARE CLINICAL INVESTIGATION).
nhse_eng_ecds,INVESTIGATION_DATE_2,date,,,,,,,Our Future Health Linked NHS HES ECDS Data,INVESTIGATION_DATE_2,,The date on which investigations were performed while the person was under the care of the Emergency Care facility.  V4 - Mapped from CODED PROCEDURE TIMESTAMP (EMERGENCY CARE CLINICAL INVESTIGATION).
nhse_eng_ecds,INVESTIGATION_DATE_3,date,,,,,,,Our Future Health Linked NHS HES ECDS Data,INVESTIGATION_DATE_3,,The date on which investigations were performed while the person was under the care of the Emergency Care facility.  V4 - Mapped from CODED PROCEDURE TIMESTAMP (EMERGENCY CARE CLINICAL INVESTIGATION).
nhse_eng_ecds,INVESTIGATION_DATE_4,date,,,,,,,Our Future Health Linked NHS HES ECDS Data,INVESTIGATION_DATE_4,,The date on which investigations were performed while the person was under the care of the Emergency Care facility.  V4 - Mapped from CODED PROCEDURE TIMESTAMP (EMERGENCY CARE CLINICAL INVESTIGATION).
nhse_eng_ecds,INVESTIGATION_DATE_5,date,,,,,,,Our Future Health Linked NHS HES ECDS Data,INVESTIGATION_DATE_5,,The date on which investigations were performed while the person was under the care of the Emergency Care facility.  V4 - Mapped from CODED PROCEDURE TIMESTAMP (EMERGENCY CARE CLINICAL INVESTIGATION).
nhse_eng_ecds,INVESTIGATION_DATE_6,date,,,,,,,Our Future Health Linked NHS HES ECDS Data,INVESTIGATION_DATE_6,,The date on which investigations were performed while the person was under the care of the Emergency Care facility.  V4 - Mapped from CODED PROCEDURE TIMESTAMP (EMERGENCY CARE CLINICAL INVESTIGATION).
nhse_eng_ecds,INVESTIGATION_DATE_7,date,,,,,,,Our Future Health Linked NHS HES ECDS Data,INVESTIGATION_DATE_7,,The date on which investigations were performed while the person was under the care of the Emergency Care facility.  V4 - Mapped from CODED PROCEDURE TIMESTAMP (EMERGENCY CARE CLINICAL INVESTIGATION).
nhse_eng_ecds,INVESTIGATION_DATE_8,date,,,,,,,Our Future Health Linked NHS HES ECDS Data,INVESTIGATION_DATE_8,,The date on which investigations were performed while the person was under the care of the Emergency Care facility.  V4 - Mapped from CODED PROCEDURE TIMESTAMP (EMERGENCY CARE CLINICAL INVESTIGATION).
nhse_eng_ecds,INVESTIGATION_DATE_9,date,,,,,,,Our Future Health Linked NHS HES ECDS Data,INVESTIGATION_DATE_9,,The date on which investigations were performed while the person was under the care of the Emergency Care facility.  V4 - Mapped from CODED PROCEDURE TIMESTAMP (EMERGENCY CARE CLINICAL INVESTIGATION).
nhse_eng_ecds,INVESTIGATION_TIME_1,string,,,,,,,Our Future Health Linked NHS HES ECDS Data,INVESTIGATION_TIME_1,,The time at which investigations were performed while the person was under the care of the Emergency Care facility.  V4 - Mapped from CODED PROCEDURE TIMESTAMP (EMERGENCY CARE CLINICAL INVESTIGATION).
nhse_eng_ecds,INVESTIGATION_TIME_10,string,,,,,,,Our Future Health Linked NHS HES ECDS Data,INVESTIGATION_TIME_10,,The time at which investigations were performed while the person was under the care of the Emergency Care facility.  V4 - Mapped from CODED PROCEDURE TIMESTAMP (EMERGENCY CARE CLINICAL INVESTIGATION).
nhse_eng_ecds,INVESTIGATION_TIME_11,string,,,,,,,Our Future Health Linked NHS HES ECDS Data,INVESTIGATION_TIME_11,,The time at which investigations were performed while the person was under the care of the Emergency Care facility.  V4 - Mapped from CODED PROCEDURE TIMESTAMP (EMERGENCY CARE CLINICAL INVESTIGATION).
nhse_eng_ecds,INVESTIGATION_TIME_12,string,,,,,,,Our Future Health Linked NHS HES ECDS Data,INVESTIGATION_TIME_12,,The time at which investigations were performed while the person was under the care of the Emergency Care facility.  V4 - Mapped from CODED PROCEDURE TIMESTAMP (EMERGENCY CARE CLINICAL INVESTIGATION).
nhse_eng_ecds,INVESTIGATION_TIME_2,string,,,,,,,Our Future Health Linked NHS HES ECDS Data,INVESTIGATION_TIME_2,,The time at which investigations were performed while the person was under the care of the Emergency Care facility.  V4 - Mapped from CODED PROCEDURE TIMESTAMP (EMERGENCY CARE CLINICAL INVESTIGATION).
nhse_eng_ecds,INVESTIGATION_TIME_3,string,,,,,,,Our Future Health Linked NHS HES ECDS Data,INVESTIGATION_TIME_3,,The time at which investigations were performed while the person was under the care of the Emergency Care facility.  V4 - Mapped from CODED PROCEDURE TIMESTAMP (EMERGENCY CARE CLINICAL INVESTIGATION).
nhse_eng_ecds,INVESTIGATION_TIME_4,string,,,,,,,Our Future Health Linked NHS HES ECDS Data,INVESTIGATION_TIME_4,,The time at which investigations were performed while the person was under the care of the Emergency Care facility.  V4 - Mapped from CODED PROCEDURE TIMESTAMP (EMERGENCY CARE CLINICAL INVESTIGATION).
nhse_eng_ecds,INVESTIGATION_TIME_5,string,,,,,,,Our Future Health Linked NHS HES ECDS Data,INVESTIGATION_TIME_5,,The time at which investigations were performed while the person was under the care of the Emergency Care facility.  V4 - Mapped from CODED PROCEDURE TIMESTAMP (EMERGENCY CARE CLINICAL INVESTIGATION).
nhse_eng_ecds,INVESTIGATION_TIME_6,string,,,,,,,Our Future Health Linked NHS HES ECDS Data,INVESTIGATION_TIME_6,,The time at which investigations were performed while the person was under the care of the Emergency Care facility.  V4 - Mapped from CODED PROCEDURE TIMESTAMP (EMERGENCY CARE CLINICAL INVESTIGATION).
nhse_eng_ecds,INVESTIGATION_TIME_7,string,,,,,,,Our Future Health Linked NHS HES ECDS Data,INVESTIGATION_TIME_7,,The time at which investigations were performed while the person was under the care of the Emergency Care facility.  V4 - Mapped from CODED PROCEDURE TIMESTAMP (EMERGENCY CARE CLINICAL INVESTIGATION).
nhse_eng_ecds,INVESTIGATION_TIME_8,string,,,,,,,Our Future Health Linked NHS HES ECDS Data,INVESTIGATION_TIME_8,,The time at which investigations were performed while the person was under the care of the Emergency Care facility.  V4 - Mapped from CODED PROCEDURE TIMESTAMP (EMERGENCY CARE CLINICAL INVESTIGATION).
nhse_eng_ecds,INVESTIGATION_TIME_9,string,,,,,,,Our Future Health Linked NHS HES ECDS Data,INVESTIGATION_TIME_9,,The time at which investigations were performed while the person was under the care of the Emergency Care facility.  V4 - Mapped from CODED PROCEDURE TIMESTAMP (EMERGENCY CARE CLINICAL INVESTIGATION).
nhse_eng_ecds,PERIOD_LENGTH,string,,PERIOD_LENGTH_ecds_coding,yes,,,,Our Future Health Linked NHS HES ECDS Data,PERIOD_LENGTH,,The total time of the subject referral to treatment period calculated by subtracting the Referral To Treatment Period Start Date from the Referral To Treatment Period End Date (in whole days). Both fields are submitted data.
nhse_eng_ecds,PID,string,,,,,participant:PID,many_to_one,Our Future Health Linked NHS HES ECDS Data,PID,,Participant ID
nhse_eng_ecds,RECORD_IDENTIFIER,string,,,,,,,Our Future Health Linked NHS HES ECDS Data,RECORD_IDENTIFIER,,The generated unique identifier for the episode.
nhse_eng_ecds,REFERRAL_ASSESSMENT_DATE_1,date,,,,,,,Our Future Health Linked NHS HES ECDS Data,REFERRAL_ASSESSMENT_DATE_1,,A Referred To Service Assessment Date is the date a PATIENT was assessed by a CARE PROFESSIONAL from a SERVICE which the PATIENT has been referred to.  V4 - Mapped from REFERRED TO SERVICE ASSESSMENT TIMESTAMP.
nhse_eng_ecds,REFERRAL_ASSESSMENT_DATE_2,date,,,,,,,Our Future Health Linked NHS HES ECDS Data,REFERRAL_ASSESSMENT_DATE_2,,A Referred To Service Assessment Date is the date a PATIENT was assessed by a CARE PROFESSIONAL from a SERVICE which the PATIENT has been referred to.  V4 - Mapped from REFERRED TO SERVICE ASSESSMENT TIMESTAMP.
nhse_eng_ecds,REFERRAL_ASSESSMENT_DATE_3,date,,,,,,,Our Future Health Linked NHS HES ECDS Data,REFERRAL_ASSESSMENT_DATE_3,,A Referred To Service Assessment Date is the date a PATIENT was assessed by a CARE PROFESSIONAL from a SERVICE which the PATIENT has been referred to.  V4 - Mapped from REFERRED TO SERVICE ASSESSMENT TIMESTAMP.
nhse_eng_ecds,REFERRAL_ASSESSMENT_DATE_4,date,,,,,,,Our Future Health Linked NHS HES ECDS Data,REFERRAL_ASSESSMENT_DATE_4,,A Referred To Service Assessment Date is the date a PATIENT was assessed by a CARE PROFESSIONAL from a SERVICE which the PATIENT has been referred to.  V4 - Mapped from REFERRED TO SERVICE ASSESSMENT TIMESTAMP.
nhse_eng_ecds,REFERRAL_ASSESSMENT_TIME_1,string,,,,,,,Our Future Health Linked NHS HES ECDS Data,REFERRAL_ASSESSMENT_TIME_1,,A Referred To Service Assessment Time is the Time a PATIENT was assessed by a CARE PROFESSIONAL from a SERVICE which the PATIENT has been referred to.  V4 - Mapped from REFERRED TO SERVICE ASSESSMENT TIMESTAMP.
nhse_eng_ecds,REFERRAL_ASSESSMENT_TIME_2,string,,,,,,,Our Future Health Linked NHS HES ECDS Data,REFERRAL_ASSESSMENT_TIME_2,,A Referred To Service Assessment Time is the Time a PATIENT was assessed by a CARE PROFESSIONAL from a SERVICE which the PATIENT has been referred to.  V4 - Mapped from REFERRED TO SERVICE ASSESSMENT TIMESTAMP.
nhse_eng_ecds,REFERRAL_ASSESSMENT_TIME_3,string,,,,,,,Our Future Health Linked NHS HES ECDS Data,REFERRAL_ASSESSMENT_TIME_3,,A Referred To Service Assessment Time is the Time a PATIENT was assessed by a CARE PROFESSIONAL from a SERVICE which the PATIENT has been referred to.  V4 - Mapped from REFERRED TO SERVICE ASSESSMENT TIMESTAMP.
nhse_eng_ecds,REFERRAL_ASSESSMENT_TIME_4,string,,,,,,,Our Future Health Linked NHS HES ECDS Data,REFERRAL_ASSESSMENT_TIME_4,,A Referred To Service Assessment Time is the Time a PATIENT was assessed by a CARE PROFESSIONAL from a SERVICE which the PATIENT has been referred to.  V4 - Mapped from REFERRED TO SERVICE ASSESSMENT TIMESTAMP.
nhse_eng_ecds,REFERRED_TO_SERVICE_1,string,,,,,,,Our Future Health Linked NHS HES ECDS Data,REFERRED_TO_SERVICE_1,,An inpatient service to which the patient was referred for admission or opinion by the treating clinician.
nhse_eng_ecds,REFERRED_TO_SERVICE_2,string,,,,,,,Our Future Health Linked NHS HES ECDS Data,REFERRED_TO_SERVICE_2,,An inpatient service to which the patient was referred for admission or opinion by the treating clinician.
nhse_eng_ecds,REFERRED_TO_SERVICE_3,string,,,,,,,Our Future Health Linked NHS HES ECDS Data,REFERRED_TO_SERVICE_3,,An inpatient service to which the patient was referred for admission or opinion by the treating clinician.
nhse_eng_ecds,REFERRED_TO_SERVICE_4,string,,,,,,,Our Future Health Linked NHS HES ECDS Data,REFERRED_TO_SERVICE_4,,An inpatient service to which the patient was referred for admission or opinion by the treating clinician.
nhse_eng_ecds,ROW_ID,string,local,,,,,,Our Future Health Linked NHS HES ECDS Data,ROW_ID,,OFH generated local key
nhse_eng_ecds,SEEN_DATE,date,,,,,,,Our Future Health Linked NHS HES ECDS Data,SEEN_DATE,,"Emergency Care Date Seen For Treatment is the date that the PATIENT is seen by a clinical decision maker (a CARE PROFESSIONAL who can define the management plan and discharge the PATIENT) to diagnose the problem and arrange or start definitive treatment as necessary.  Note that for piloting purposes only, an Emergency Care Date Seen For Treatment may also be the Ambulatory Emergency Care Date Seen For Treatment.  V4 - Mapped from EMERGENCY CARE TIMESTAMP SEEN FOR TREATMENT."
nhse_eng_ecds,SEEN_TIME,string,,,,,,,Our Future Health Linked NHS HES ECDS Data,SEEN_TIME,,"An Emergency Care Time Seen For Treatment is the time that the PATIENT is seen by a clinical decision maker (a CARE PROFESSIONAL who can define the management plan and discharge the PATIENT) to diagnose the problem and arrange or start definite treatment as necessary.  Note that for piloting purposes only, an Emergency Care Time Seen For Treatment may also be the Ambulatory Emergency Care Time Seen For Treatment.  V4 - Mapped from EMERGENCY CARE TIMESTAMP SEEN FOR TREATMENT."
nhse_eng_ecds,SEQUENCE_NUMBER_1,integer,,,,,,,Our Future Health Linked NHS HES ECDS Data,SEQUENCE_NUMBER_1,,"The sequence number of a CODED CLINICAL ENTRY, recorded to enable correct sequential processing of data. Note: This is not cleaned, and users are advised to use the field D_DIAGNOSIS_ORDINAL instead."
nhse_eng_ecds,SEQUENCE_NUMBER_10,integer,,,,,,,Our Future Health Linked NHS HES ECDS Data,SEQUENCE_NUMBER_10,,"The sequence number of a CODED CLINICAL ENTRY, recorded to enable correct sequential processing of data. Note: This is not cleaned, and users are advised to use the field D_DIAGNOSIS_ORDINAL instead."
nhse_eng_ecds,SEQUENCE_NUMBER_11,integer,,,,,,,Our Future Health Linked NHS HES ECDS Data,SEQUENCE_NUMBER_11,,"The sequence number of a CODED CLINICAL ENTRY, recorded to enable correct sequential processing of data. Note: This is not cleaned, and users are advised to use the field D_DIAGNOSIS_ORDINAL instead."
nhse_eng_ecds,SEQUENCE_NUMBER_12,integer,,,,,,,Our Future Health Linked NHS HES ECDS Data,SEQUENCE_NUMBER_12,,"The sequence number of a CODED CLINICAL ENTRY, recorded to enable correct sequential processing of data. Note: This is not cleaned, and users are advised to use the field D_DIAGNOSIS_ORDINAL instead."
nhse_eng_ecds,SEQUENCE_NUMBER_2,integer,,,,,,,Our Future Health Linked NHS HES ECDS Data,SEQUENCE_NUMBER_2,,"The sequence number of a CODED CLINICAL ENTRY, recorded to enable correct sequential processing of data. Note: This is not cleaned, and users are advised to use the field D_DIAGNOSIS_ORDINAL instead."
nhse_eng_ecds,SEQUENCE_NUMBER_3,integer,,,,,,,Our Future Health Linked NHS HES ECDS Data,SEQUENCE_NUMBER_3,,"The sequence number of a CODED CLINICAL ENTRY, recorded to enable correct sequential processing of data. Note: This is not cleaned, and users are advised to use the field D_DIAGNOSIS_ORDINAL instead."
nhse_eng_ecds,SEQUENCE_NUMBER_4,integer,,,,,,,Our Future Health Linked NHS HES ECDS Data,SEQUENCE_NUMBER_4,,"The sequence number of a CODED CLINICAL ENTRY, recorded to enable correct sequential processing of data. Note: This is not cleaned, and users are advised to use the field D_DIAGNOSIS_ORDINAL instead."
nhse_eng_ecds,SEQUENCE_NUMBER_5,integer,,,,,,,Our Future Health Linked NHS HES ECDS Data,SEQUENCE_NUMBER_5,,"The sequence number of a CODED CLINICAL ENTRY, recorded to enable correct sequential processing of data. Note: This is not cleaned, and users are advised to use the field D_DIAGNOSIS_ORDINAL instead."
nhse_eng_ecds,SEQUENCE_NUMBER_6,integer,,,,,,,Our Future Health Linked NHS HES ECDS Data,SEQUENCE_NUMBER_6,,"The sequence number of a CODED CLINICAL ENTRY, recorded to enable correct sequential processing of data. Note: This is not cleaned, and users are advised to use the field D_DIAGNOSIS_ORDINAL instead."
nhse_eng_ecds,SEQUENCE_NUMBER_7,integer,,,,,,,Our Future Health Linked NHS HES ECDS Data,SEQUENCE_NUMBER_7,,"The sequence number of a CODED CLINICAL ENTRY, recorded to enable correct sequential processing of data. Note: This is not cleaned, and users are advised to use the field D_DIAGNOSIS_ORDINAL instead."
nhse_eng_ecds,SEQUENCE_NUMBER_8,integer,,,,,,,Our Future Health Linked NHS HES ECDS Data,SEQUENCE_NUMBER_8,,"The sequence number of a CODED CLINICAL ENTRY, recorded to enable correct sequential processing of data. Note: This is not cleaned, and users are advised to use the field D_DIAGNOSIS_ORDINAL instead."
nhse_eng_ecds,SEQUENCE_NUMBER_9,integer,,,,,,,Our Future Health Linked NHS HES ECDS Data,SEQUENCE_NUMBER_9,,"The sequence number of a CODED CLINICAL ENTRY, recorded to enable correct sequential processing of data. Note: This is not cleaned, and users are advised to use the field D_DIAGNOSIS_ORDINAL instead."
nhse_eng_ecds,SERVICE_REQUEST_DATE_1,date,,,,,,,Our Future Health Linked NHS HES ECDS Data,SERVICE_REQUEST_DATE_1,,The DATE that a PATIENT was referred to another SERVICE during an Emergency Care Attendance.  V4 - Mapped from ACTIVITY SERVICE REQUEST TIMESTAMP (EMERGENCY CARE).
nhse_eng_ecds,SERVICE_REQUEST_DATE_2,date,,,,,,,Our Future Health Linked NHS HES ECDS Data,SERVICE_REQUEST_DATE_2,,The DATE that a PATIENT was referred to another SERVICE during an Emergency Care Attendance.  V4 - Mapped from ACTIVITY SERVICE REQUEST TIMESTAMP (EMERGENCY CARE).
nhse_eng_ecds,SERVICE_REQUEST_DATE_3,date,,,,,,,Our Future Health Linked NHS HES ECDS Data,SERVICE_REQUEST_DATE_3,,The DATE that a PATIENT was referred to another SERVICE during an Emergency Care Attendance.  V4 - Mapped from ACTIVITY SERVICE REQUEST TIMESTAMP (EMERGENCY CARE).
nhse_eng_ecds,SERVICE_REQUEST_DATE_4,date,,,,,,,Our Future Health Linked NHS HES ECDS Data,SERVICE_REQUEST_DATE_4,,The DATE that a PATIENT was referred to another SERVICE during an Emergency Care Attendance.  V4 - Mapped from ACTIVITY SERVICE REQUEST TIMESTAMP (EMERGENCY CARE).
nhse_eng_ecds,TREATMENT_CODE_1,string,,SNOMED_ECDS_coding,yes,,,,Our Future Health Linked NHS HES ECDS Data,TREATMENT_CODE_1,,EMERGENCY CARE PROCEDURE (SNOMED CT) is the SNOMED CT® concept ID which is used to identify a Patient Procedure performed while a PATIENT is under the care of an EMERGENCY CARE Service.
nhse_eng_ecds,TREATMENT_CODE_10,string,,SNOMED_ECDS_coding,yes,,,,Our Future Health Linked NHS HES ECDS Data,TREATMENT_CODE_10,,EMERGENCY CARE PROCEDURE (SNOMED CT) is the SNOMED CT® concept ID which is used to identify a Patient Procedure performed while a PATIENT is under the care of an EMERGENCY CARE Service.
nhse_eng_ecds,TREATMENT_CODE_11,string,,SNOMED_ECDS_coding,yes,,,,Our Future Health Linked NHS HES ECDS Data,TREATMENT_CODE_11,,EMERGENCY CARE PROCEDURE (SNOMED CT) is the SNOMED CT® concept ID which is used to identify a Patient Procedure performed while a PATIENT is under the care of an EMERGENCY CARE Service.
nhse_eng_ecds,TREATMENT_CODE_12,string,,SNOMED_ECDS_coding,yes,,,,Our Future Health Linked NHS HES ECDS Data,TREATMENT_CODE_12,,EMERGENCY CARE PROCEDURE (SNOMED CT) is the SNOMED CT® concept ID which is used to identify a Patient Procedure performed while a PATIENT is under the care of an EMERGENCY CARE Service.
nhse_eng_ecds,TREATMENT_CODE_2,string,,SNOMED_ECDS_coding,yes,,,,Our Future Health Linked NHS HES ECDS Data,TREATMENT_CODE_2,,EMERGENCY CARE PROCEDURE (SNOMED CT) is the SNOMED CT® concept ID which is used to identify a Patient Procedure performed while a PATIENT is under the care of an EMERGENCY CARE Service.
nhse_eng_ecds,TREATMENT_CODE_3,string,,SNOMED_ECDS_coding,yes,,,,Our Future Health Linked NHS HES ECDS Data,TREATMENT_CODE_3,,EMERGENCY CARE PROCEDURE (SNOMED CT) is the SNOMED CT® concept ID which is used to identify a Patient Procedure performed while a PATIENT is under the care of an EMERGENCY CARE Service.
nhse_eng_ecds,TREATMENT_CODE_4,string,,SNOMED_ECDS_coding,yes,,,,Our Future Health Linked NHS HES ECDS Data,TREATMENT_CODE_4,,EMERGENCY CARE PROCEDURE (SNOMED CT) is the SNOMED CT® concept ID which is used to identify a Patient Procedure performed while a PATIENT is under the care of an EMERGENCY CARE Service.
nhse_eng_ecds,TREATMENT_CODE_5,string,,SNOMED_ECDS_coding,yes,,,,Our Future Health Linked NHS HES ECDS Data,TREATMENT_CODE_5,,EMERGENCY CARE PROCEDURE (SNOMED CT) is the SNOMED CT® concept ID which is used to identify a Patient Procedure performed while a PATIENT is under the care of an EMERGENCY CARE Service.
nhse_eng_ecds,TREATMENT_CODE_6,string,,SNOMED_ECDS_coding,yes,,,,Our Future Health Linked NHS HES ECDS Data,TREATMENT_CODE_6,,EMERGENCY CARE PROCEDURE (SNOMED CT) is the SNOMED CT® concept ID which is used to identify a Patient Procedure performed while a PATIENT is under the care of an EMERGENCY CARE Service.
nhse_eng_ecds,TREATMENT_CODE_7,string,,SNOMED_ECDS_coding,yes,,,,Our Future Health Linked NHS HES ECDS Data,TREATMENT_CODE_7,,EMERGENCY CARE PROCEDURE (SNOMED CT) is the SNOMED CT® concept ID which is used to identify a Patient Procedure performed while a PATIENT is under the care of an EMERGENCY CARE Service.
nhse_eng_ecds,TREATMENT_CODE_8,string,,SNOMED_ECDS_coding,yes,,,,Our Future Health Linked NHS HES ECDS Data,TREATMENT_CODE_8,,EMERGENCY CARE PROCEDURE (SNOMED CT) is the SNOMED CT® concept ID which is used to identify a Patient Procedure performed while a PATIENT is under the care of an EMERGENCY CARE Service.
nhse_eng_ecds,TREATMENT_CODE_9,string,,SNOMED_ECDS_coding,yes,,,,Our Future Health Linked NHS HES ECDS Data,TREATMENT_CODE_9,,EMERGENCY CARE PROCEDURE (SNOMED CT) is the SNOMED CT® concept ID which is used to identify a Patient Procedure performed while a PATIENT is under the care of an EMERGENCY CARE Service.
nhse_eng_ecds,TREATMENT_DATE_1,date,,,,,,,Our Future Health Linked NHS HES ECDS Data,TREATMENT_DATE_1,,The date on which treatments were performed while the person was under the care of the Emergency Care facility.  V4 - Mapped from CODED PROCEDURE TIMESTAMP (EMERGENCY CARE PROCEDURE).
nhse_eng_ecds,TREATMENT_DATE_10,date,,,,,,,Our Future Health Linked NHS HES ECDS Data,TREATMENT_DATE_10,,The date on which treatments were performed while the person was under the care of the Emergency Care facility.  V4 - Mapped from CODED PROCEDURE TIMESTAMP (EMERGENCY CARE PROCEDURE).
nhse_eng_ecds,TREATMENT_DATE_11,date,,,,,,,Our Future Health Linked NHS HES ECDS Data,TREATMENT_DATE_11,,The date on which treatments were performed while the person was under the care of the Emergency Care facility.  V4 - Mapped from CODED PROCEDURE TIMESTAMP (EMERGENCY CARE PROCEDURE).
nhse_eng_ecds,TREATMENT_DATE_12,date,,,,,,,Our Future Health Linked NHS HES ECDS Data,TREATMENT_DATE_12,,The date on which treatments were performed while the person was under the care of the Emergency Care facility.  V4 - Mapped from CODED PROCEDURE TIMESTAMP (EMERGENCY CARE PROCEDURE).
nhse_eng_ecds,TREATMENT_DATE_2,date,,,,,,,Our Future Health Linked NHS HES ECDS Data,TREATMENT_DATE_2,,The date on which treatments were performed while the person was under the care of the Emergency Care facility.  V4 - Mapped from CODED PROCEDURE TIMESTAMP (EMERGENCY CARE PROCEDURE).
nhse_eng_ecds,TREATMENT_DATE_3,date,,,,,,,Our Future Health Linked NHS HES ECDS Data,TREATMENT_DATE_3,,The date on which treatments were performed while the person was under the care of the Emergency Care facility.  V4 - Mapped from CODED PROCEDURE TIMESTAMP (EMERGENCY CARE PROCEDURE).
nhse_eng_ecds,TREATMENT_DATE_4,date,,,,,,,Our Future Health Linked NHS HES ECDS Data,TREATMENT_DATE_4,,The date on which treatments were performed while the person was under the care of the Emergency Care facility.  V4 - Mapped from CODED PROCEDURE TIMESTAMP (EMERGENCY CARE PROCEDURE).
nhse_eng_ecds,TREATMENT_DATE_5,date,,,,,,,Our Future Health Linked NHS HES ECDS Data,TREATMENT_DATE_5,,The date on which treatments were performed while the person was under the care of the Emergency Care facility.  V4 - Mapped from CODED PROCEDURE TIMESTAMP (EMERGENCY CARE PROCEDURE).
nhse_eng_ecds,TREATMENT_DATE_6,date,,,,,,,Our Future Health Linked NHS HES ECDS Data,TREATMENT_DATE_6,,The date on which treatments were performed while the person was under the care of the Emergency Care facility.  V4 - Mapped from CODED PROCEDURE TIMESTAMP (EMERGENCY CARE PROCEDURE).
nhse_eng_ecds,TREATMENT_DATE_7,date,,,,,,,Our Future Health Linked NHS HES ECDS Data,TREATMENT_DATE_7,,The date on which treatments were performed while the person was under the care of the Emergency Care facility.  V4 - Mapped from CODED PROCEDURE TIMESTAMP (EMERGENCY CARE PROCEDURE).
nhse_eng_ecds,TREATMENT_DATE_8,date,,,,,,,Our Future Health Linked NHS HES ECDS Data,TREATMENT_DATE_8,,The date on which treatments were performed while the person was under the care of the Emergency Care facility.  V4 - Mapped from CODED PROCEDURE TIMESTAMP (EMERGENCY CARE PROCEDURE).
nhse_eng_ecds,TREATMENT_DATE_9,date,,,,,,,Our Future Health Linked NHS HES ECDS Data,TREATMENT_DATE_9,,The date on which treatments were performed while the person was under the care of the Emergency Care facility.  V4 - Mapped from CODED PROCEDURE TIMESTAMP (EMERGENCY CARE PROCEDURE).
nhse_eng_ecds,TREATMENT_FUNCTION_CODE,string,,TREATMENT_FUNCTION_CODE_ecds_coding,yes,,,,Our Future Health Linked NHS HES ECDS Data,TREATMENT_FUNCTION_CODE,,ACTIVITY TREATMENT FUNCTION CODE (DECISION TO ADMIT) is the TREATMENT FUNCTION CODE of the SERVICE to which a PATIENT is to be admitted.
nhse_eng_ecds,TREATMENT_TIME_1,string,,,,,,,Our Future Health Linked NHS HES ECDS Data,TREATMENT_TIME_1,,The time at which treatments were performed while the person was under the care of the Emergency Care facility.  V4 - Mapped from CODED PROCEDURE TIMESTAMP (EMERGENCY CARE PROCEDURE).
nhse_eng_ecds,TREATMENT_TIME_10,string,,,,,,,Our Future Health Linked NHS HES ECDS Data,TREATMENT_TIME_10,,The time at which treatments were performed while the person was under the care of the Emergency Care facility.  V4 - Mapped from CODED PROCEDURE TIMESTAMP (EMERGENCY CARE PROCEDURE).
nhse_eng_ecds,TREATMENT_TIME_11,string,,,,,,,Our Future Health Linked NHS HES ECDS Data,TREATMENT_TIME_11,,The time at which treatments were performed while the person was under the care of the Emergency Care facility.  V4 - Mapped from CODED PROCEDURE TIMESTAMP (EMERGENCY CARE PROCEDURE).
nhse_eng_ecds,TREATMENT_TIME_12,string,,,,,,,Our Future Health Linked NHS HES ECDS Data,TREATMENT_TIME_12,,The time at which treatments were performed while the person was under the care of the Emergency Care facility.  V4 - Mapped from CODED PROCEDURE TIMESTAMP (EMERGENCY CARE PROCEDURE).
nhse_eng_ecds,TREATMENT_TIME_2,string,,,,,,,Our Future Health Linked NHS HES ECDS Data,TREATMENT_TIME_2,,The time at which treatments were performed while the person was under the care of the Emergency Care facility.  V4 - Mapped from CODED PROCEDURE TIMESTAMP (EMERGENCY CARE PROCEDURE).
nhse_eng_ecds,TREATMENT_TIME_3,string,,,,,,,Our Future Health Linked NHS HES ECDS Data,TREATMENT_TIME_3,,The time at which treatments were performed while the person was under the care of the Emergency Care facility.  V4 - Mapped from CODED PROCEDURE TIMESTAMP (EMERGENCY CARE PROCEDURE).
nhse_eng_ecds,TREATMENT_TIME_4,string,,,,,,,Our Future Health Linked NHS HES ECDS Data,TREATMENT_TIME_4,,The time at which treatments were performed while the person was under the care of the Emergency Care facility.  V4 - Mapped from CODED PROCEDURE TIMESTAMP (EMERGENCY CARE PROCEDURE).
nhse_eng_ecds,TREATMENT_TIME_5,string,,,,,,,Our Future Health Linked NHS HES ECDS Data,TREATMENT_TIME_5,,The time at which treatments were performed while the person was under the care of the Emergency Care facility.  V4 - Mapped from CODED PROCEDURE TIMESTAMP (EMERGENCY CARE PROCEDURE).
nhse_eng_ecds,TREATMENT_TIME_6,string,,,,,,,Our Future Health Linked NHS HES ECDS Data,TREATMENT_TIME_6,,The time at which treatments were performed while the person was under the care of the Emergency Care facility.  V4 - Mapped from CODED PROCEDURE TIMESTAMP (EMERGENCY CARE PROCEDURE).
nhse_eng_ecds,TREATMENT_TIME_7,string,,,,,,,Our Future Health Linked NHS HES ECDS Data,TREATMENT_TIME_7,,The time at which treatments were performed while the person was under the care of the Emergency Care facility.  V4 - Mapped from CODED PROCEDURE TIMESTAMP (EMERGENCY CARE PROCEDURE).
nhse_eng_ecds,TREATMENT_TIME_8,string,,,,,,,Our Future Health Linked NHS HES ECDS Data,TREATMENT_TIME_8,,The time at which treatments were performed while the person was under the care of the Emergency Care facility.  V4 - Mapped from CODED PROCEDURE TIMESTAMP (EMERGENCY CARE PROCEDURE).
nhse_eng_ecds,TREATMENT_TIME_9,string,,,,,,,Our Future Health Linked NHS HES ECDS Data,TREATMENT_TIME_9,,The time at which treatments were performed while the person was under the care of the Emergency Care facility.  V4 - Mapped from CODED PROCEDURE TIMESTAMP (EMERGENCY CARE PROCEDURE).
nhse_eng_ed,AEARRIVALMODE,string,,AEARRIVALMODE_ae_coding,,,,,Our Future Health Linked NHS HES AE Data,AEARRIVALMODE,,Arrival Mode
nhse_eng_ed,AEATTENDCAT,string,,AEATTENDCAT_ae_coding,,,,,Our Future Health Linked NHS HES AE Data,AEATTENDCAT,,Attendance Category
nhse_eng_ed,AEATTENDDISP,string,,AEATTENDDISP_ae_coding,,,,,Our Future Health Linked NHS HES AE Data,AEATTENDDISP,,Attendance Disposal
nhse_eng_ed,AEDEPTTYPE,string,,AEDEPTTYPE_ae_coding,,,,,Our Future Health Linked NHS HES AE Data,AEDEPTTYPE,,Department Type
nhse_eng_ed,AEKEY,string,,,,,,,Our Future Health Linked NHS HES AE Data,AEKEY,,HES Record Identifier
nhse_eng_ed,AEREFSOURCE,string,,AEREFSOURCE_ae_coding,yes,,,,Our Future Health Linked NHS HES AE Data,AEREFSOURCE,,Source of Referral For A&E
nhse_eng_ed,ARRIVALDATE,date,,,,,,,Our Future Health Linked NHS HES AE Data,ARRIVALDATE,,Arrival Date
nhse_eng_ed,ARRIVALTIME,string,,,,,,,Our Future Health Linked NHS HES AE Data,ARRIVALTIME,,Arrival Time
nhse_eng_ed,CONCLTIME,string,,CONCLTIME_ae_coding,yes,,,,Our Future Health Linked NHS HES AE Data,CONCLTIME,,Conclusion Time
nhse_eng_ed,DEPTIME,string,,DEPTIME_ae_coding,yes,,,,Our Future Health Linked NHS HES AE Data,DEPTIME,,Departure Time
nhse_eng_ed,DIAGA_01,string,,DIAGA_ae_coding,yes,,,,Our Future Health Linked NHS HES AE Data,DIAGA_01,,Diagnosis Code - Anatomical Area
nhse_eng_ed,DIAGA_02,string,,DIAGA_ae_coding,yes,,,,Our Future Health Linked NHS HES AE Data,DIAGA_02,,Diagnosis Code - Anatomical Area
nhse_eng_ed,DIAGA_03,string,,DIAGA_ae_coding,yes,,,,Our Future Health Linked NHS HES AE Data,DIAGA_03,,Diagnosis Code - Anatomical Area
nhse_eng_ed,DIAGA_04,string,,DIAGA_ae_coding,yes,,,,Our Future Health Linked NHS HES AE Data,DIAGA_04,,Diagnosis Code - Anatomical Area
nhse_eng_ed,DIAGA_05,string,,DIAGA_ae_coding,yes,,,,Our Future Health Linked NHS HES AE Data,DIAGA_05,,Diagnosis Code - Anatomical Area
nhse_eng_ed,DIAGA_06,string,,DIAGA_ae_coding,yes,,,,Our Future Health Linked NHS HES AE Data,DIAGA_06,,Diagnosis Code - Anatomical Area
nhse_eng_ed,DIAGA_07,string,,DIAGA_ae_coding,yes,,,,Our Future Health Linked NHS HES AE Data,DIAGA_07,,Diagnosis Code - Anatomical Area
nhse_eng_ed,DIAGA_08,string,,DIAGA_ae_coding,yes,,,,Our Future Health Linked NHS HES AE Data,DIAGA_08,,Diagnosis Code - Anatomical Area
nhse_eng_ed,DIAGA_09,string,,DIAGA_ae_coding,yes,,,,Our Future Health Linked NHS HES AE Data,DIAGA_09,,Diagnosis Code - Anatomical Area
nhse_eng_ed,DIAGA_10,string,,DIAGA_ae_coding,yes,,,,Our Future Health Linked NHS HES AE Data,DIAGA_10,,Diagnosis Code - Anatomical Area
nhse_eng_ed,DIAGA_11,string,,DIAGA_ae_coding,yes,,,,Our Future Health Linked NHS HES AE Data,DIAGA_11,,Diagnosis Code - Anatomical Area
nhse_eng_ed,DIAGA_12,string,,DIAGA_ae_coding,yes,,,,Our Future Health Linked NHS HES AE Data,DIAGA_12,,Diagnosis Code - Anatomical Area
nhse_eng_ed,DIAGSCHEME,string,,DIAGSCHEME_ae_coding,,,,,Our Future Health Linked NHS HES AE Data,DIAGSCHEME,,Diagnosis Scheme in Use
nhse_eng_ed,DIAGS_01,string,,DIAGS_ae_coding,yes,,,,Our Future Health Linked NHS HES AE Data,DIAGS_01,,Diagnosis Code - Anatomical Side
nhse_eng_ed,DIAGS_02,string,,DIAGS_ae_coding,yes,,,,Our Future Health Linked NHS HES AE Data,DIAGS_02,,Diagnosis Code - Anatomical Side
nhse_eng_ed,DIAGS_03,string,,DIAGS_ae_coding,yes,,,,Our Future Health Linked NHS HES AE Data,DIAGS_03,,Diagnosis Code - Anatomical Side
nhse_eng_ed,DIAGS_04,string,,DIAGS_ae_coding,yes,,,,Our Future Health Linked NHS HES AE Data,DIAGS_04,,Diagnosis Code - Anatomical Side
nhse_eng_ed,DIAGS_05,string,,DIAGS_ae_coding,yes,,,,Our Future Health Linked NHS HES AE Data,DIAGS_05,,Diagnosis Code - Anatomical Side
nhse_eng_ed,DIAGS_06,string,,DIAGS_ae_coding,yes,,,,Our Future Health Linked NHS HES AE Data,DIAGS_06,,Diagnosis Code - Anatomical Side
nhse_eng_ed,DIAGS_07,string,,DIAGS_ae_coding,yes,,,,Our Future Health Linked NHS HES AE Data,DIAGS_07,,Diagnosis Code - Anatomical Side
nhse_eng_ed,DIAGS_08,string,,DIAGS_ae_coding,yes,,,,Our Future Health Linked NHS HES AE Data,DIAGS_08,,Diagnosis Code - Anatomical Side
nhse_eng_ed,DIAGS_09,string,,DIAGS_ae_coding,yes,,,,Our Future Health Linked NHS HES AE Data,DIAGS_09,,Diagnosis Code - Anatomical Side
nhse_eng_ed,DIAGS_10,string,,DIAGS_ae_coding,yes,,,,Our Future Health Linked NHS HES AE Data,DIAGS_10,,Diagnosis Code - Anatomical Side
nhse_eng_ed,DIAGS_11,string,,DIAGS_ae_coding,yes,,,,Our Future Health Linked NHS HES AE Data,DIAGS_11,,Diagnosis Code - Anatomical Side
nhse_eng_ed,DIAGS_12,string,,DIAGS_ae_coding,yes,,,,Our Future Health Linked NHS HES AE Data,DIAGS_12,,Diagnosis Code - Anatomical Side
nhse_eng_ed,DIAG_01,string,,,,,,,Our Future Health Linked NHS HES AE Data,DIAG_01,,Diagnosis Code
nhse_eng_ed,DIAG_02,string,,,,,,,Our Future Health Linked NHS HES AE Data,DIAG_02,,Diagnosis Code
nhse_eng_ed,DIAG_03,string,,,,,,,Our Future Health Linked NHS HES AE Data,DIAG_03,,Diagnosis Code
nhse_eng_ed,DIAG_04,string,,,,,,,Our Future Health Linked NHS HES AE Data,DIAG_04,,Diagnosis Code
nhse_eng_ed,DIAG_05,string,,,,,,,Our Future Health Linked NHS HES AE Data,DIAG_05,,Diagnosis Code
nhse_eng_ed,DIAG_06,string,,,,,,,Our Future Health Linked NHS HES AE Data,DIAG_06,,Diagnosis Code
nhse_eng_ed,DIAG_07,string,,,,,,,Our Future Health Linked NHS HES AE Data,DIAG_07,,Diagnosis Code
nhse_eng_ed,DIAG_08,string,,,,,,,Our Future Health Linked NHS HES AE Data,DIAG_08,,Diagnosis Code
nhse_eng_ed,DIAG_09,string,,,,,,,Our Future Health Linked NHS HES AE Data,DIAG_09,,Diagnosis Code
nhse_eng_ed,DIAG_10,string,,,,,,,Our Future Health Linked NHS HES AE Data,DIAG_10,,Diagnosis Code
nhse_eng_ed,DIAG_11,string,,,,,,,Our Future Health Linked NHS HES AE Data,DIAG_11,,Diagnosis Code
nhse_eng_ed,DIAG_12,string,,,,,,,Our Future Health Linked NHS HES AE Data,DIAG_12,,Diagnosis Code
nhse_eng_ed,EPIKEY,string,,,,,,,Our Future Health Linked NHS HES AE Data,EPIKEY,,APC Record Identifier
nhse_eng_ed,IMD04_DECILE,string,,,,,,,Our Future Health Linked NHS HES AE Data,IMD04_DECILE,,IMD Decile Group
nhse_eng_ed,INVEST2_01,string,,INVEST2_ae_coding,yes,,,,Our Future Health Linked NHS HES AE Data,INVEST2_01,,A&E Investigation - 2 Character
nhse_eng_ed,INVEST2_02,string,,INVEST2_ae_coding,yes,,,,Our Future Health Linked NHS HES AE Data,INVEST2_02,,A&E Investigation - 2 Character
nhse_eng_ed,INVEST2_03,string,,INVEST2_ae_coding,yes,,,,Our Future Health Linked NHS HES AE Data,INVEST2_03,,A&E Investigation - 2 Character
nhse_eng_ed,INVEST2_04,string,,INVEST2_ae_coding,yes,,,,Our Future Health Linked NHS HES AE Data,INVEST2_04,,A&E Investigation - 2 Character
nhse_eng_ed,INVEST2_05,string,,INVEST2_ae_coding,yes,,,,Our Future Health Linked NHS HES AE Data,INVEST2_05,,A&E Investigation - 2 Character
nhse_eng_ed,INVEST2_06,string,,INVEST2_ae_coding,yes,,,,Our Future Health Linked NHS HES AE Data,INVEST2_06,,A&E Investigation - 2 Character
nhse_eng_ed,INVEST2_07,string,,INVEST2_ae_coding,yes,,,,Our Future Health Linked NHS HES AE Data,INVEST2_07,,A&E Investigation - 2 Character
nhse_eng_ed,INVEST2_08,string,,INVEST2_ae_coding,yes,,,,Our Future Health Linked NHS HES AE Data,INVEST2_08,,A&E Investigation - 2 Character
nhse_eng_ed,INVEST2_09,string,,INVEST2_ae_coding,yes,,,,Our Future Health Linked NHS HES AE Data,INVEST2_09,,A&E Investigation - 2 Character
nhse_eng_ed,INVEST2_10,string,,INVEST2_ae_coding,yes,,,,Our Future Health Linked NHS HES AE Data,INVEST2_10,,A&E Investigation - 2 Character
nhse_eng_ed,INVEST2_11,string,,INVEST2_ae_coding,yes,,,,Our Future Health Linked NHS HES AE Data,INVEST2_11,,A&E Investigation - 2 Character
nhse_eng_ed,INVEST2_12,string,,INVEST2_ae_coding,yes,,,,Our Future Health Linked NHS HES AE Data,INVEST2_12,,A&E Investigation - 2 Character
nhse_eng_ed,INVEST_01,string,,,,,,,Our Future Health Linked NHS HES AE Data,INVEST_01,,A&E Investigation
nhse_eng_ed,INVEST_02,string,,,,,,,Our Future Health Linked NHS HES AE Data,INVEST_02,,A&E Investigation
nhse_eng_ed,INVEST_03,string,,,,,,,Our Future Health Linked NHS HES AE Data,INVEST_03,,A&E Investigation
nhse_eng_ed,INVEST_04,string,,,,,,,Our Future Health Linked NHS HES AE Data,INVEST_04,,A&E Investigation
nhse_eng_ed,INVEST_05,string,,,,,,,Our Future Health Linked NHS HES AE Data,INVEST_05,,A&E Investigation
nhse_eng_ed,INVEST_06,string,,,,,,,Our Future Health Linked NHS HES AE Data,INVEST_06,,A&E Investigation
nhse_eng_ed,INVEST_07,string,,,,,,,Our Future Health Linked NHS HES AE Data,INVEST_07,,A&E Investigation
nhse_eng_ed,INVEST_08,string,,,,,,,Our Future Health Linked NHS HES AE Data,INVEST_08,,A&E Investigation
nhse_eng_ed,INVEST_09,string,,,,,,,Our Future Health Linked NHS HES AE Data,INVEST_09,,A&E Investigation
nhse_eng_ed,INVEST_10,string,,,,,,,Our Future Health Linked NHS HES AE Data,INVEST_10,,A&E Investigation
nhse_eng_ed,INVEST_11,string,,,,,,,Our Future Health Linked NHS HES AE Data,INVEST_11,,A&E Investigation
nhse_eng_ed,INVEST_12,string,,,,,,,Our Future Health Linked NHS HES AE Data,INVEST_12,,A&E Investigation
nhse_eng_ed,PID,string,,,,,participant:PID,many_to_one,Our Future Health Linked NHS HES AE Data,PID,,Participant ID
nhse_eng_ed,PROCODE3_OFH,string,,,,,,,Our Future Health Linked NHS HES AE Data,PROCODE3_OFH,,Provider Organisation Code (Pseudonymised by OFH)
nhse_eng_ed,PROTYPE,string,,PROTYPE_ae_coding,,,,,Our Future Health Linked NHS HES AE Data,PROTYPE,,Provider Type
nhse_eng_ed,ROW_ID,string,local,,,,,,Our Future Health Linked NHS HES AE Data,ROW_ID,,OFH generated local key
nhse_eng_ed,SUSSPELLID,string,,SUSSPELLID_ae_coding,yes,,,,Our Future Health Linked NHS HES AE Data,SUSSPELLID,,SUS Generated Spell Identifier
nhse_eng_ed,TREAT_01,string,,,,,,,Our Future Health Linked NHS HES AE Data,TREAT_01,,A&E Treatment
nhse_eng_ed,TREAT_02,string,,,,,,,Our Future Health Linked NHS HES AE Data,TREAT_02,,A&E Treatment
nhse_eng_ed,TREAT_03,string,,,,,,,Our Future Health Linked NHS HES AE Data,TREAT_03,,A&E Treatment
nhse_eng_ed,TREAT_04,string,,,,,,,Our Future Health Linked NHS HES AE Data,TREAT_04,,A&E Treatment
nhse_eng_ed,TREAT_05,string,,,,,,,Our Future Health Linked NHS HES AE Data,TREAT_05,,A&E Treatment
nhse_eng_ed,TREAT_06,string,,,,,,,Our Future Health Linked NHS HES AE Data,TREAT_06,,A&E Treatment
nhse_eng_ed,TREAT_07,string,,,,,,,Our Future Health Linked NHS HES AE Data,TREAT_07,,A&E Treatment
nhse_eng_ed,TREAT_08,string,,,,,,,Our Future Health Linked NHS HES AE Data,TREAT_08,,A&E Treatment
nhse_eng_ed,TREAT_09,string,,,,,,,Our Future Health Linked NHS HES AE Data,TREAT_09,,A&E Treatment
nhse_eng_ed,TREAT_10,string,,,,,,,Our Future Health Linked NHS HES AE Data,TREAT_10,,A&E Treatment
nhse_eng_ed,TREAT_11,string,,,,,,,Our Future Health Linked NHS HES AE Data,TREAT_11,,A&E Treatment
nhse_eng_ed,TREAT_12,string,,,,,,,Our Future Health Linked NHS HES AE Data,TREAT_12,,A&E Treatment
nhse_eng_ed,TRETTIME,string,,TRETTIME_ae_coding,yes,,,,Our Future Health Linked NHS HES AE Data,TRETTIME,,Time Seen For Treatment
nhse_eng_inpat,ACSCFLAG,integer,,ACSCFLAG_apc_coding,,,,,Our Future Health Linked NHS HES APC Data,ACSCFLAG,,Ambulatory Care Sensitive Condition Flag
nhse_eng_inpat,ADMIDATE,date,,ADMIDATE_apc_coding,yes,,,,Our Future Health Linked NHS HES APC Data,ADMIDATE,,Admission Date (Hospital Provider Spell)
nhse_eng_inpat,ADMIMETH,string,,ADMIMETH_apc_coding,,,,,Our Future Health Linked NHS HES APC Data,ADMIMETH,,Method of Admission
nhse_eng_inpat,ADMINCAT,string,,ADMINCAT_apc_coding,,,,,Our Future Health Linked NHS HES APC Data,ADMINCAT,,Administrative Category Code on Admission
nhse_eng_inpat,ADMISORC,string,,ADMISORC_apc_coding,,,,,Our Future Health Linked NHS HES APC Data,ADMISORC,,Source of Admission
nhse_eng_inpat,AEKEY,string,,,,,,,Our Future Health Linked NHS HES APC Data,AEKEY,,A&E Record Identifier
nhse_eng_inpat,BEDYEAR,string,,BEDYEAR_apc_coding,yes,,,,Our Future Health Linked NHS HES APC Data,BEDYEAR,,Bed Days Within the Year
nhse_eng_inpat,CARERSI,string,,CARERSI_apc_coding,,,,,Our Future Health Linked NHS HES APC Data,CARERSI,,Carer Support Indicator
nhse_eng_inpat,CLASSPAT,string,,CLASSPAT_apc_coding,,,,,Our Future Health Linked NHS HES APC Data,CLASSPAT,,Patient Classification
nhse_eng_inpat,DIAG_4_01,string,,ICD10_coding,yes,,,,Our Future Health Linked NHS HES APC Data,DIAG_4_01,,Diagnosis Code - 4 Character
nhse_eng_inpat,DIAG_4_02,string,,ICD10_coding,yes,,,,Our Future Health Linked NHS HES APC Data,DIAG_4_02,,Diagnosis Code - 4 Character
nhse_eng_inpat,DIAG_4_03,string,,ICD10_coding,yes,,,,Our Future Health Linked NHS HES APC Data,DIAG_4_03,,Diagnosis Code - 4 Character
nhse_eng_inpat,DIAG_4_04,string,,ICD10_coding,yes,,,,Our Future Health Linked NHS HES APC Data,DIAG_4_04,,Diagnosis Code - 4 Character
nhse_eng_inpat,DIAG_4_05,string,,ICD10_coding,yes,,,,Our Future Health Linked NHS HES APC Data,DIAG_4_05,,Diagnosis Code - 4 Character
nhse_eng_inpat,DIAG_4_06,string,,ICD10_coding,yes,,,,Our Future Health Linked NHS HES APC Data,DIAG_4_06,,Diagnosis Code - 4 Character
nhse_eng_inpat,DIAG_4_07,string,,ICD10_coding,yes,,,,Our Future Health Linked NHS HES APC Data,DIAG_4_07,,Diagnosis Code - 4 Character
nhse_eng_inpat,DIAG_4_08,string,,ICD10_coding,yes,,,,Our Future Health Linked NHS HES APC Data,DIAG_4_08,,Diagnosis Code - 4 Character
nhse_eng_inpat,DIAG_4_09,string,,ICD10_coding,yes,,,,Our Future Health Linked NHS HES APC Data,DIAG_4_09,,Diagnosis Code - 4 Character
nhse_eng_inpat,DIAG_4_10,string,,ICD10_coding,yes,,,,Our Future Health Linked NHS HES APC Data,DIAG_4_10,,Diagnosis Code - 4 Character
nhse_eng_inpat,DIAG_4_11,string,,ICD10_coding,yes,,,,Our Future Health Linked NHS HES APC Data,DIAG_4_11,,Diagnosis Code - 4 Character
nhse_eng_inpat,DIAG_4_12,string,,ICD10_coding,yes,,,,Our Future Health Linked NHS HES APC Data,DIAG_4_12,,Diagnosis Code - 4 Character
nhse_eng_inpat,DIAG_4_13,string,,ICD10_coding,yes,,,,Our Future Health Linked NHS HES APC Data,DIAG_4_13,,Diagnosis Code - 4 Character
nhse_eng_inpat,DIAG_4_14,string,,ICD10_coding,yes,,,,Our Future Health Linked NHS HES APC Data,DIAG_4_14,,Diagnosis Code - 4 Character
nhse_eng_inpat,DIAG_4_15,string,,ICD10_coding,yes,,,,Our Future Health Linked NHS HES APC Data,DIAG_4_15,,Diagnosis Code - 4 Character
nhse_eng_inpat,DIAG_4_16,string,,ICD10_coding,yes,,,,Our Future Health Linked NHS HES APC Data,DIAG_4_16,,Diagnosis Code - 4 Character
nhse_eng_inpat,DIAG_4_17,string,,ICD10_coding,yes,,,,Our Future Health Linked NHS HES APC Data,DIAG_4_17,,Diagnosis Code - 4 Character
nhse_eng_inpat,DIAG_4_18,string,,ICD10_coding,yes,,,,Our Future Health Linked NHS HES APC Data,DIAG_4_18,,Diagnosis Code - 4 Character
nhse_eng_inpat,DIAG_4_19,string,,ICD10_coding,yes,,,,Our Future Health Linked NHS HES APC Data,DIAG_4_19,,Diagnosis Code - 4 Character
nhse_eng_inpat,DIAG_4_20,string,,ICD10_coding,yes,,,,Our Future Health Linked NHS HES APC Data,DIAG_4_20,,Diagnosis Code - 4 Character
nhse_eng_inpat,DISDATE,date,,DISDATE_apc_coding,yes,,,,Our Future Health Linked NHS HES APC Data,DISDATE,,Date of Discharge
nhse_eng_inpat,DISDEST,string,,DISDEST_apc_coding,,,,,Our Future Health Linked NHS HES APC Data,DISDEST,,Destination on Discharge
nhse_eng_inpat,DISMETH,string,,DISMETH_apc_coding,,,,,Our Future Health Linked NHS HES APC Data,DISMETH,,Method of Discharge
nhse_eng_inpat,DISREADYDATE,date,,,,,,,Our Future Health Linked NHS HES APC Data,DISREADYDATE,,Discharge Ready Date
nhse_eng_inpat,ELECDATE,date,,ELECDATE_apc_coding,yes,,,,Our Future Health Linked NHS HES APC Data,ELECDATE,,Date of Decision to Admit
nhse_eng_inpat,ELECDUR,integer,,ELECDUR_apc_coding,yes,,,,Our Future Health Linked NHS HES APC Data,ELECDUR,,Duration of Elective Wait (Derived)
nhse_eng_inpat,EPIDUR,string,,EPIDUR_apc_coding,yes,,,,Our Future Health Linked NHS HES APC Data,EPIDUR,,Episode Duration
nhse_eng_inpat,EPIEND,date,,EPIEND_apc_coding,yes,,,,Our Future Health Linked NHS HES APC Data,EPIEND,,Episode End Date
nhse_eng_inpat,EPIKEY,string,,,,,,,Our Future Health Linked NHS HES APC Data,EPIKEY,,HES Record Identifier
nhse_eng_inpat,EPIORDER,string,,EPIORDER_apc_coding,yes,,,,Our Future Health Linked NHS HES APC Data,EPIORDER,,Episode Order
nhse_eng_inpat,EPISTART,date,,EPISTART_apc_coding,yes,,,,Our Future Health Linked NHS HES APC Data,EPISTART,,Episode Start Date
nhse_eng_inpat,EPITYPE,integer,,EPITYPE_apc_coding,,,,,Our Future Health Linked NHS HES APC Data,EPITYPE,,Episode Type
nhse_eng_inpat,FIRSTREG,string,,FIRSTREG_apc_coding,,,,,Our Future Health Linked NHS HES APC Data,FIRSTREG,,First Regular Day or Night Admission
nhse_eng_inpat,IMD04_DECILE,string,,,,,,,Our Future Health Linked NHS HES APC Data,IMD04_DECILE,,IMD Decile Group
nhse_eng_inpat,INTMANIG,string,,INTMANIG_apc_coding,,,,,Our Future Health Linked NHS HES APC Data,INTMANIG,,Intended Management
nhse_eng_inpat,MAINSPEF,string,,MAINSPEF_apc_coding,,,,,Our Future Health Linked NHS HES APC Data,MAINSPEF,,Main Specialty
nhse_eng_inpat,OPDATE_01,date,,OPDATE_apc_coding,yes,,,,Our Future Health Linked NHS HES APC Data,OPDATE_01,,Date of Procedure
nhse_eng_inpat,OPDATE_02,date,,OPDATE_apc_coding,yes,,,,Our Future Health Linked NHS HES APC Data,OPDATE_02,,Date of Procedure
nhse_eng_inpat,OPDATE_03,date,,OPDATE_apc_coding,yes,,,,Our Future Health Linked NHS HES APC Data,OPDATE_03,,Date of Procedure
nhse_eng_inpat,OPDATE_04,date,,OPDATE_apc_coding,yes,,,,Our Future Health Linked NHS HES APC Data,OPDATE_04,,Date of Procedure
nhse_eng_inpat,OPDATE_05,date,,OPDATE_apc_coding,yes,,,,Our Future Health Linked NHS HES APC Data,OPDATE_05,,Date of Procedure
nhse_eng_inpat,OPDATE_06,date,,OPDATE_apc_coding,yes,,,,Our Future Health Linked NHS HES APC Data,OPDATE_06,,Date of Procedure
nhse_eng_inpat,OPDATE_07,date,,OPDATE_apc_coding,yes,,,,Our Future Health Linked NHS HES APC Data,OPDATE_07,,Date of Procedure
nhse_eng_inpat,OPDATE_08,date,,OPDATE_apc_coding,yes,,,,Our Future Health Linked NHS HES APC Data,OPDATE_08,,Date of Procedure
nhse_eng_inpat,OPDATE_09,date,,OPDATE_apc_coding,yes,,,,Our Future Health Linked NHS HES APC Data,OPDATE_09,,Date of Procedure
nhse_eng_inpat,OPDATE_10,date,,OPDATE_apc_coding,yes,,,,Our Future Health Linked NHS HES APC Data,OPDATE_10,,Date of Procedure
nhse_eng_inpat,OPDATE_11,date,,OPDATE_apc_coding,yes,,,,Our Future Health Linked NHS HES APC Data,OPDATE_11,,Date of Procedure
nhse_eng_inpat,OPDATE_12,date,,OPDATE_apc_coding,yes,,,,Our Future Health Linked NHS HES APC Data,OPDATE_12,,Date of Procedure
nhse_eng_inpat,OPDATE_13,date,,OPDATE_apc_coding,yes,,,,Our Future Health Linked NHS HES APC Data,OPDATE_13,,Date of Procedure
nhse_eng_inpat,OPDATE_14,date,,OPDATE_apc_coding,yes,,,,Our Future Health Linked NHS HES APC Data,OPDATE_14,,Date of Procedure
nhse_eng_inpat,OPDATE_15,date,,OPDATE_apc_coding,yes,,,,Our Future Health Linked NHS HES APC Data,OPDATE_15,,Date of Procedure
nhse_eng_inpat,OPDATE_16,date,,OPDATE_apc_coding,yes,,,,Our Future Health Linked NHS HES APC Data,OPDATE_16,,Date of Procedure
nhse_eng_inpat,OPDATE_17,date,,OPDATE_apc_coding,yes,,,,Our Future Health Linked NHS HES APC Data,OPDATE_17,,Date of Procedure
nhse_eng_inpat,OPDATE_18,date,,OPDATE_apc_coding,yes,,,,Our Future Health Linked NHS HES APC Data,OPDATE_18,,Date of Procedure
nhse_eng_inpat,OPDATE_19,date,,OPDATE_apc_coding,yes,,,,Our Future Health Linked NHS HES APC Data,OPDATE_19,,Date of Procedure
nhse_eng_inpat,OPDATE_20,date,,OPDATE_apc_coding,yes,,,,Our Future Health Linked NHS HES APC Data,OPDATE_20,,Date of Procedure
nhse_eng_inpat,OPDATE_21,date,,OPDATE_apc_coding,yes,,,,Our Future Health Linked NHS HES APC Data,OPDATE_21,,Date of Procedure
nhse_eng_inpat,OPDATE_22,date,,OPDATE_apc_coding,yes,,,,Our Future Health Linked NHS HES APC Data,OPDATE_22,,Date of Procedure
nhse_eng_inpat,OPDATE_23,date,,OPDATE_apc_coding,yes,,,,Our Future Health Linked NHS HES APC Data,OPDATE_23,,Date of Procedure
nhse_eng_inpat,OPDATE_24,date,,OPDATE_apc_coding,yes,,,,Our Future Health Linked NHS HES APC Data,OPDATE_24,,Date of Procedure
nhse_eng_inpat,OPERSTAT,string,,OPERSTAT_apc_coding,,,,,Our Future Health Linked NHS HES APC Data,OPERSTAT,,Operation Status Code
nhse_eng_inpat,OPERTN_01,string,,OPCS4_coding,yes,,,,Our Future Health Linked NHS HES APC Data,OPERTN_01,,Procedure Code
nhse_eng_inpat,OPERTN_02,string,,OPCS4_coding,yes,,,,Our Future Health Linked NHS HES APC Data,OPERTN_02,,Procedure Code
nhse_eng_inpat,OPERTN_03,string,,OPCS4_coding,yes,,,,Our Future Health Linked NHS HES APC Data,OPERTN_03,,Procedure Code
nhse_eng_inpat,OPERTN_04,string,,OPCS4_coding,yes,,,,Our Future Health Linked NHS HES APC Data,OPERTN_04,,Procedure Code
nhse_eng_inpat,OPERTN_05,string,,OPCS4_coding,yes,,,,Our Future Health Linked NHS HES APC Data,OPERTN_05,,Procedure Code
nhse_eng_inpat,OPERTN_06,string,,OPCS4_coding,yes,,,,Our Future Health Linked NHS HES APC Data,OPERTN_06,,Procedure Code
nhse_eng_inpat,OPERTN_07,string,,OPCS4_coding,yes,,,,Our Future Health Linked NHS HES APC Data,OPERTN_07,,Procedure Code
nhse_eng_inpat,OPERTN_08,string,,OPCS4_coding,yes,,,,Our Future Health Linked NHS HES APC Data,OPERTN_08,,Procedure Code
nhse_eng_inpat,OPERTN_09,string,,OPCS4_coding,yes,,,,Our Future Health Linked NHS HES APC Data,OPERTN_09,,Procedure Code
nhse_eng_inpat,OPERTN_10,string,,OPCS4_coding,yes,,,,Our Future Health Linked NHS HES APC Data,OPERTN_10,,Procedure Code
nhse_eng_inpat,OPERTN_11,string,,OPCS4_coding,yes,,,,Our Future Health Linked NHS HES APC Data,OPERTN_11,,Procedure Code
nhse_eng_inpat,OPERTN_12,string,,OPCS4_coding,yes,,,,Our Future Health Linked NHS HES APC Data,OPERTN_12,,Procedure Code
nhse_eng_inpat,OPERTN_13,string,,OPCS4_coding,yes,,,,Our Future Health Linked NHS HES APC Data,OPERTN_13,,Procedure Code
nhse_eng_inpat,OPERTN_14,string,,OPCS4_coding,yes,,,,Our Future Health Linked NHS HES APC Data,OPERTN_14,,Procedure Code
nhse_eng_inpat,OPERTN_15,string,,OPCS4_coding,yes,,,,Our Future Health Linked NHS HES APC Data,OPERTN_15,,Procedure Code
nhse_eng_inpat,OPERTN_16,string,,OPCS4_coding,yes,,,,Our Future Health Linked NHS HES APC Data,OPERTN_16,,Procedure Code
nhse_eng_inpat,OPERTN_17,string,,OPCS4_coding,yes,,,,Our Future Health Linked NHS HES APC Data,OPERTN_17,,Procedure Code
nhse_eng_inpat,OPERTN_18,string,,OPCS4_coding,yes,,,,Our Future Health Linked NHS HES APC Data,OPERTN_18,,Procedure Code
nhse_eng_inpat,OPERTN_19,string,,OPCS4_coding,yes,,,,Our Future Health Linked NHS HES APC Data,OPERTN_19,,Procedure Code
nhse_eng_inpat,OPERTN_20,string,,OPCS4_coding,yes,,,,Our Future Health Linked NHS HES APC Data,OPERTN_20,,Procedure Code
nhse_eng_inpat,OPERTN_21,string,,OPCS4_coding,yes,,,,Our Future Health Linked NHS HES APC Data,OPERTN_21,,Procedure Code
nhse_eng_inpat,OPERTN_22,string,,OPCS4_coding,yes,,,,Our Future Health Linked NHS HES APC Data,OPERTN_22,,Procedure Code
nhse_eng_inpat,OPERTN_23,string,,OPCS4_coding,yes,,,,Our Future Health Linked NHS HES APC Data,OPERTN_23,,Procedure Code
nhse_eng_inpat,OPERTN_24,string,,OPCS4_coding,yes,,,,Our Future Health Linked NHS HES APC Data,OPERTN_24,,Procedure Code
nhse_eng_inpat,PID,string,,,,,participant:PID,many_to_one,Our Future Health Linked NHS HES APC Data,PID,,Participant ID
nhse_eng_inpat,POSOPDUR,string,,POSOPDUR_apc_coding,yes,,,,Our Future Health Linked NHS HES APC Data,POSOPDUR,,Post-Operative Duration
nhse_eng_inpat,PREOPDUR,string,,PREOPDUR_apc_coding,yes,,,,Our Future Health Linked NHS HES APC Data,PREOPDUR,,Pre-Operative Duration
nhse_eng_inpat,PROCODE3_OFH,string,,,,,,,Our Future Health Linked NHS HES APC Data,PROCODE3_OFH,,Organisation Identifier (Code of Provider) (3 Character) (Pseudonymised by OFH)
nhse_eng_inpat,PROTYPE,string,,PROTYPE_apc_coding,yes,,,,Our Future Health Linked NHS HES APC Data,PROTYPE,,Provider Type
nhse_eng_inpat,ROW_ID,string,local,,,,,,Our Future Health Linked NHS HES APC Data,ROW_ID,,OFH generated local key
nhse_eng_inpat,RTTPEREND,date,,,,,,,Our Future Health Linked NHS HES APC Data,RTTPEREND,,Referral to Treatment Period End Date
nhse_eng_inpat,RTTPERSTART,date,,,,,,,Our Future Health Linked NHS HES APC Data,RTTPERSTART,,Referral to Treatment Period Start Date
nhse_eng_inpat,RTTPERSTAT,string,,RTTPERSTAT_apc_coding,,,,,Our Future Health Linked NHS HES APC Data,RTTPERSTAT,,Referral to Treatment Period Status
nhse_eng_inpat,SPELBGIN,string,,SPELBGIN_apc_coding,,,,,Our Future Health Linked NHS HES APC Data,SPELBGIN,,Beginning of Spell Indicator
nhse_eng_inpat,SPELEND,string,,SPELEND_apc_coding,,,,,Our Future Health Linked NHS HES APC Data,SPELEND,,End of Spell Indicator
nhse_eng_inpat,SUSRECID,string,,,,,,,Our Future Health Linked NHS HES APC Data,SUSRECID,,SUS Record Identifier
nhse_eng_inpat,SUSSPELLID,string,,SUSSPELLID_apc_coding,yes,,,,Our Future Health Linked NHS HES APC Data,SUSSPELLID,,SUS Generated Spell Identifier
nhse_eng_inpat,TRETSPEF,string,,TRETSPEF_apc_coding,,,,,Our Future Health Linked NHS HES APC Data,TRETSPEF,,Treatment Specialty
nhse_eng_outpat,ADMINCAT,string,,ADMINCAT_op_coding,,,,,Our Future Health Linked NHS HES OP Data,ADMINCAT,,Administrative Category Code
nhse_eng_outpat,APPTDATE,date,,,,,,,Our Future Health Linked NHS HES OP Data,APPTDATE,,Appointment Date
nhse_eng_outpat,ATTENDED,string,,ATTENDED_op_coding,,,,,Our Future Health Linked NHS HES OP Data,ATTENDED,,Attendance Status
nhse_eng_outpat,ATTENDKEY,string,,,,,,,Our Future Health Linked NHS HES OP Data,ATTENDKEY,,HES Record Identifier
nhse_eng_outpat,DIAG_4_01,string,,ICD10_coding,yes,,,,Our Future Health Linked NHS HES OP Data,DIAG_4_01,,Diagnosis Code - 4 Character
nhse_eng_outpat,DIAG_4_02,string,,ICD10_coding,yes,,,,Our Future Health Linked NHS HES OP Data,DIAG_4_02,,Diagnosis Code - 4 Character
nhse_eng_outpat,DIAG_4_03,string,,ICD10_coding,yes,,,,Our Future Health Linked NHS HES OP Data,DIAG_4_03,,Diagnosis Code - 4 Character
nhse_eng_outpat,DIAG_4_04,string,,ICD10_coding,yes,,,,Our Future Health Linked NHS HES OP Data,DIAG_4_04,,Diagnosis Code - 4 Character
nhse_eng_outpat,DIAG_4_05,string,,ICD10_coding,yes,,,,Our Future Health Linked NHS HES OP Data,DIAG_4_05,,Diagnosis Code - 4 Character
nhse_eng_outpat,DIAG_4_06,string,,ICD10_coding,yes,,,,Our Future Health Linked NHS HES OP Data,DIAG_4_06,,Diagnosis Code - 4 Character
nhse_eng_outpat,DIAG_4_07,string,,ICD10_coding,yes,,,,Our Future Health Linked NHS HES OP Data,DIAG_4_07,,Diagnosis Code - 4 Character
nhse_eng_outpat,DIAG_4_08,string,,ICD10_coding,yes,,,,Our Future Health Linked NHS HES OP Data,DIAG_4_08,,Diagnosis Code - 4 Character
nhse_eng_outpat,DIAG_4_09,string,,ICD10_coding,yes,,,,Our Future Health Linked NHS HES OP Data,DIAG_4_09,,Diagnosis Code - 4 Character
nhse_eng_outpat,DIAG_4_10,string,,ICD10_coding,yes,,,,Our Future Health Linked NHS HES OP Data,DIAG_4_10,,Diagnosis Code - 4 Character
nhse_eng_outpat,DIAG_4_11,string,,ICD10_coding,yes,,,,Our Future Health Linked NHS HES OP Data,DIAG_4_11,,Diagnosis Code - 4 Character
nhse_eng_outpat,DIAG_4_12,string,,ICD10_coding,yes,,,,Our Future Health Linked NHS HES OP Data,DIAG_4_12,,Diagnosis Code - 4 Character
nhse_eng_outpat,FIRSTATT,string,,FIRSTATT_op_coding,,,,,Our Future Health Linked NHS HES OP Data,FIRSTATT,,First Attendance
nhse_eng_outpat,IMD04_DECILE,string,,,,,,,Our Future Health Linked NHS HES OP Data,IMD04_DECILE,,IMD Decile Group
nhse_eng_outpat,MAINSPEF,string,,MAINSPEF_op_coding,,,,,Our Future Health Linked NHS HES OP Data,MAINSPEF,,Main Specialty
nhse_eng_outpat,OPERTN_01,string,,OPCS4_coding,yes,,,,Our Future Health Linked NHS HES OP Data,OPERTN_01,,Procedure Code
nhse_eng_outpat,OPERTN_02,string,,OPCS4_coding,yes,,,,Our Future Health Linked NHS HES OP Data,OPERTN_02,,Procedure Code
nhse_eng_outpat,OPERTN_03,string,,OPCS4_coding,yes,,,,Our Future Health Linked NHS HES OP Data,OPERTN_03,,Procedure Code
nhse_eng_outpat,OPERTN_04,string,,OPCS4_coding,yes,,,,Our Future Health Linked NHS HES OP Data,OPERTN_04,,Procedure Code
nhse_eng_outpat,OPERTN_05,string,,OPCS4_coding,yes,,,,Our Future Health Linked NHS HES OP Data,OPERTN_05,,Procedure Code
nhse_eng_outpat,OPERTN_06,string,,OPCS4_coding,yes,,,,Our Future Health Linked NHS HES OP Data,OPERTN_06,,Procedure Code
nhse_eng_outpat,OPERTN_07,string,,OPCS4_coding,yes,,,,Our Future Health Linked NHS HES OP Data,OPERTN_07,,Procedure Code
nhse_eng_outpat,OPERTN_08,string,,OPCS4_coding,yes,,,,Our Future Health Linked NHS HES OP Data,OPERTN_08,,Procedure Code
nhse_eng_outpat,OPERTN_09,string,,OPCS4_coding,yes,,,,Our Future Health Linked NHS HES OP Data,OPERTN_09,,Procedure Code
nhse_eng_outpat,OPERTN_10,string,,OPCS4_coding,yes,,,,Our Future Health Linked NHS HES OP Data,OPERTN_10,,Procedure Code
nhse_eng_outpat,OPERTN_11,string,,OPCS4_coding,yes,,,,Our Future Health Linked NHS HES OP Data,OPERTN_11,,Procedure Code
nhse_eng_outpat,OPERTN_12,string,,OPCS4_coding,yes,,,,Our Future Health Linked NHS HES OP Data,OPERTN_12,,Procedure Code
nhse_eng_outpat,OPERTN_13,string,,OPCS4_coding,yes,,,,Our Future Health Linked NHS HES OP Data,OPERTN_13,,Procedure Code
nhse_eng_outpat,OPERTN_14,string,,OPCS4_coding,yes,,,,Our Future Health Linked NHS HES OP Data,OPERTN_14,,Procedure Code
nhse_eng_outpat,OPERTN_15,string,,OPCS4_coding,yes,,,,Our Future Health Linked NHS HES OP Data,OPERTN_15,,Procedure Code
nhse_eng_outpat,OPERTN_16,string,,OPCS4_coding,yes,,,,Our Future Health Linked NHS HES OP Data,OPERTN_16,,Procedure Code
nhse_eng_outpat,OPERTN_17,string,,OPCS4_coding,yes,,,,Our Future Health Linked NHS HES OP Data,OPERTN_17,,Procedure Code
nhse_eng_outpat,OPERTN_18,string,,OPCS4_coding,yes,,,,Our Future Health Linked NHS HES OP Data,OPERTN_18,,Procedure Code
nhse_eng_outpat,OPERTN_19,string,,OPCS4_coding,yes,,,,Our Future Health Linked NHS HES OP Data,OPERTN_19,,Procedure Code
nhse_eng_outpat,OPERTN_20,string,,OPCS4_coding,yes,,,,Our Future Health Linked NHS HES OP Data,OPERTN_20,,Procedure Code
nhse_eng_outpat,OPERTN_21,string,,OPCS4_coding,yes,,,,Our Future Health Linked NHS HES OP Data,OPERTN_21,,Procedure Code
nhse_eng_outpat,OPERTN_22,string,,OPCS4_coding,yes,,,,Our Future Health Linked NHS HES OP Data,OPERTN_22,,Procedure Code
nhse_eng_outpat,OPERTN_23,string,,OPCS4_coding,yes,,,,Our Future Health Linked NHS HES OP Data,OPERTN_23,,Procedure Code
nhse_eng_outpat,OPERTN_24,string,,OPCS4_coding,yes,,,,Our Future Health Linked NHS HES OP Data,OPERTN_24,,Procedure Code
nhse_eng_outpat,OUTCOME,string,,OUTCOME_op_coding,,,,,Our Future Health Linked NHS HES OP Data,OUTCOME,,Out-patient Attendance Outcome
nhse_eng_outpat,PID,string,,,,,participant:PID,many_to_one,Our Future Health Linked NHS HES OP Data,PID,,Participant ID
nhse_eng_outpat,PRIORITY,integer,,PRIORITY_op_coding,,,,,Our Future Health Linked NHS HES OP Data,PRIORITY,,Priority Type
nhse_eng_outpat,PROCODE3_OFH,string,,,,,,,Our Future Health Linked NHS HES OP Data,PROCODE3_OFH,,Organisation Identifier (Code of Provider) (Pseudonymised by OFH)
nhse_eng_outpat,PROTYPE,string,,PROTYPE_op_coding,yes,,,,Our Future Health Linked NHS HES OP Data,PROTYPE,,Provider Type
nhse_eng_outpat,REFSOURC,string,,REFSOURC_op_coding,,,,,Our Future Health Linked NHS HES OP Data,REFSOURC,,Source of Referral
nhse_eng_outpat,ROW_ID,string,local,,,,,,Our Future Health Linked NHS HES OP Data,ROW_ID,,OFH generated local key
nhse_eng_outpat,RTTPEREND,date,,,,,,,Our Future Health Linked NHS HES OP Data,RTTPEREND,,Referral to Treatment Period End Date
nhse_eng_outpat,RTTPERSTART,date,,,,,,,Our Future Health Linked NHS HES OP Data,RTTPERSTART,,Referral to Treatment Period Start Date
nhse_eng_outpat,RTTPERSTAT,string,,RTTPERSTAT_op_coding,,,,,Our Future Health Linked NHS HES OP Data,RTTPERSTAT,,Referral to Treatment Period Status
nhse_eng_outpat,SUSSPELLID,string,,SUSSPELLID_op_coding,yes,,,,Our Future Health Linked NHS HES OP Data,SUSSPELLID,,SUS Generated Spell Identifier
nhse_eng_outpat,TRETSPEF,string,,TRETSPEF_op_coding,,,,,Our Future Health Linked NHS HES OP Data,TRETSPEF,,Treatment Specialty
nhse_eng_primcare_meds,BSAPrescriptionID,string,,,,,,,Our Future Health Linked NHS Medicines Dispensed in Primary Care,BSAPrescriptionID,,NHS Business Services Authority identification number for a prescription (can be used to identify an item dispensed when used with 'prescription item identification number')
nhse_eng_primcare_meds,ChargeStatus,string,,ChargeStatus_meds_coding,,,,,Our Future Health Linked NHS Medicines Dispensed in Primary Care,ChargeStatus,,Charging or exemption status
nhse_eng_primcare_meds,CostCentreODSCode_OFH,string,,,,,,,Our Future Health Linked NHS Medicines Dispensed in Primary Care,CostCentreODSCode_OFH,,"Code for the organisation that issued the prescription, as taken from the Organisation Data Service (Pseudonymised by OFH)"
nhse_eng_primcare_meds,CostCentreSubType,string,,CostCentreSubType_meds_coding,yes,,,,Our Future Health Linked NHS Medicines Dispensed in Primary Care,CostCentreSubType,,Sub-type of prescribing organisation
nhse_eng_primcare_meds,CostCentreType,integer,,CostCentreType_meds_coding,,,,,Our Future Health Linked NHS Medicines Dispensed in Primary Care,CostCentreType,,Type of prescribing organisation
nhse_eng_primcare_meds,DispensedPharmacyType,integer,,DispensedPharmacyType_meds_coding,,,,,Our Future Health Linked NHS Medicines Dispensed in Primary Care,DispensedPharmacyType,,Type of dispenser
nhse_eng_primcare_meds,ItemActualCost,float,,,,,,,Our Future Health Linked NHS Medicines Dispensed in Primary Care,ItemActualCost,,Actual cost paid for the dispensed medicine (national average discount for the month+out of pocket+consumables+container allowance)
nhse_eng_primcare_meds,ItemID,integer,,,,,,,Our Future Health Linked NHS Medicines Dispensed in Primary Care,ItemID,,NHS Business Services Authority identification number for an item on a prescription (can be used to identify an item dispensed when used with 'prescription identification number')
nhse_eng_primcare_meds,ItemNIC,string,,,,,,,Our Future Health Linked NHS Medicines Dispensed in Primary Care,ItemNIC,,The Net Ingredient Cost of the medicine
nhse_eng_primcare_meds,MaternityExemptionFlag,integer,,MaternityExemptionFlag_meds_coding,,,,,Our Future Health Linked NHS Medicines Dispensed in Primary Care,MaternityExemptionFlag,,"Indicator of whether or not the patient is pregnant, derived from maternity exemption. Data is limited because maternity exemption does not start at the beginning of pregnancy and it continues for 12 months after due date or birth"
nhse_eng_primcare_meds,OutOfHoursIndicator,integer,,,,,,,Our Future Health Linked NHS Medicines Dispensed in Primary Care,OutOfHoursIndicator,,Whether the prescription was Out of Hours
nhse_eng_primcare_meds,PID,string,,,,,participant:PID,many_to_one,Our Future Health Linked NHS Medicines Dispensed in Primary Care,PID,,Participant ID
nhse_eng_primcare_meds,PaidBNFCode,string,,,,,,,Our Future Health Linked NHS Medicines Dispensed in Primary Care,PaidBNFCode,,"BNF code of the medicines dispensed, as reimbursed by NHSBSA"
nhse_eng_primcare_meds,PaidBNFName,string,,,,,,,Our Future Health Linked NHS Medicines Dispensed in Primary Care,PaidBNFName,,"BNF name of the medicine dispensed, as reimbursed by NHSBSA"
nhse_eng_primcare_meds,PaidDissallowedIndicator,string,,PaidDissallowedIndicator_meds_coding,,,,,Our Future Health Linked NHS Medicines Dispensed in Primary Care,PaidDissallowedIndicator,,Indicator showing whether or not the item was disallowed by NHSBSA i.e. dispensed but not reimbursed
nhse_eng_primcare_meds,PaidDrugStrength,string,,,,,,,Our Future Health Linked NHS Medicines Dispensed in Primary Care,PaidDrugStrength,,"Strength of the medicine dispensed, as reimbursed by NHSBSA"
nhse_eng_primcare_meds,PaidFlavourIndicator,string,,PaidFlavourIndicator_meds_coding,yes,,,,Our Future Health Linked NHS Medicines Dispensed in Primary Care,PaidFlavourIndicator,,"Flavour of medicine dispensed, as reimbursed by NHSBSA"
nhse_eng_primcare_meds,PaidFormulation,string,,PaidFormulation_meds_coding,yes,,,,Our Future Health Linked NHS Medicines Dispensed in Primary Care,PaidFormulation,,"Formulation of the medicine dispensed, as reimbursed by NHSBSA"
nhse_eng_primcare_meds,PaidIndicator,string,,PaidIndicator_meds_coding,,,,,Our Future Health Linked NHS Medicines Dispensed in Primary Care,PaidIndicator,,Valid NHS prescription that NHS BSA reimbursed
nhse_eng_primcare_meds,PaidQuantity,integer,,,,,,,Our Future Health Linked NHS Medicines Dispensed in Primary Care,PaidQuantity,,"Quantity of medicine dispensed, as reimbursed by NHSABSA"
nhse_eng_primcare_meds,PaidSupplierName,string,,,,,,,Our Future Health Linked NHS Medicines Dispensed in Primary Care,PaidSupplierName,,"Name of the supplier of the medicine or appliance dispensed, as reimbursed by NHSBSA"
nhse_eng_primcare_meds,PaiddmdCode,string,,SNOMED_PRIMCARE_MEDS_coding,yes,,,,Our Future Health Linked NHS Medicines Dispensed in Primary Care,PaiddmdCode,,"dm+d code of the medicine or appliance dispensed, as reimbursed by NHSBSA"
nhse_eng_primcare_meds,PrescribedBNFCode,string,,,,,,,Our Future Health Linked NHS Medicines Dispensed in Primary Care,PrescribedBNFCode,,British National Formulary (BNF) code of the medicine prescribed
nhse_eng_primcare_meds,PrescribedBNFName,string,,,,,,,Our Future Health Linked NHS Medicines Dispensed in Primary Care,PrescribedBNFName,,The name of the medicine/device
nhse_eng_primcare_meds,PrescribedFormulation,string,,PrescribedFormulation_meds_coding,yes,,,,Our Future Health Linked NHS Medicines Dispensed in Primary Care,PrescribedFormulation,,Formulation of the medicine prescribed (see formulations reference)
nhse_eng_primcare_meds,PrescribedMedicineStrength,string,,,,,,,Our Future Health Linked NHS Medicines Dispensed in Primary Care,PrescribedMedicineStrength,,The strength of the medicine prescribed
nhse_eng_primcare_meds,PrescribedQuantity,integer,,,,,,,Our Future Health Linked NHS Medicines Dispensed in Primary Care,PrescribedQuantity,,Quantity of medicine prescribed
nhse_eng_primcare_meds,PrescribeddmdCode,string,,SNOMED_PRIMCARE_MEDS_coding,yes,,,,Our Future Health Linked NHS Medicines Dispensed in Primary Care,PrescribeddmdCode,,Dictionary of medicines and devices (dm+d) code of the medicine or appliance prescribed
nhse_eng_primcare_meds,PrescriberType,integer,,PrescriberType_meds_coding,,,,,Our Future Health Linked NHS Medicines Dispensed in Primary Care,PrescriberType,,Type of prescriber
nhse_eng_primcare_meds,PrivatePrescriptionIndicator,integer,,,,,,,Our Future Health Linked NHS Medicines Dispensed in Primary Care,PrivatePrescriptionIndicator,,Whether the prescription was a private prescription
nhse_eng_primcare_meds,ProcessedPeriod,integer,,,,,,,Our Future Health Linked NHS Medicines Dispensed in Primary Care,ProcessedPeriod,,The month during which data is submitted by pharmacists to NHSBSA
nhse_eng_primcare_meds,ProcessingPeriodDate,date,,,,,,,Our Future Health Linked NHS Medicines Dispensed in Primary Care,ProcessingPeriodDate,,"Month and year prescriptions were submitted to NHS Business Services Authority for processing, displayed as a first of the month date in the format 2018-07-01"
nhse_eng_primcare_meds,ROW_ID,string,local,,,,,,Our Future Health Linked NHS Medicines Dispensed in Primary Care,ROW_ID,,OFH generated local key
nhse_engwal_deaths,PID,string,,,,,participant:PID,many_to_one,Our Future Health Linked NHS Death Data,PID,,Participant ID
nhse_engwal_deaths,REG_DATE,date,,,,,,,Our Future Health Linked NHS Death Data,REG_DATE,,Date of Registration
nhse_engwal_deaths,REG_DATE_OF_DEATH,date,,,,,,,Our Future Health Linked NHS Death Data,REG_DATE_OF_DEATH,,Date of death
nhse_engwal_deaths,ROW_ID,string,local,,,,,,Our Future Health Linked NHS Death Data,ROW_ID,,OFH generated local key
nhse_engwal_deaths,S_COD_CODE_1,string,,ICD10_coding,yes,,,,Our Future Health Linked NHS Death Data,S_COD_CODE_1,,ICD10 Original mention codes
nhse_engwal_deaths,S_COD_CODE_10,string,,ICD10_coding,yes,,,,Our Future Health Linked NHS Death Data,S_COD_CODE_10,,ICD10 Original mention codes
nhse_engwal_deaths,S_COD_CODE_11,string,,ICD10_coding,yes,,,,Our Future Health Linked NHS Death Data,S_COD_CODE_11,,ICD10 Original mention codes
nhse_engwal_deaths,S_COD_CODE_12,string,,ICD10_coding,yes,,,,Our Future Health Linked NHS Death Data,S_COD_CODE_12,,ICD10 Original mention codes
nhse_engwal_deaths,S_COD_CODE_13,string,,ICD10_coding,yes,,,,Our Future Health Linked NHS Death Data,S_COD_CODE_13,,ICD10 Original mention codes
nhse_engwal_deaths,S_COD_CODE_14,string,,ICD10_coding,yes,,,,Our Future Health Linked NHS Death Data,S_COD_CODE_14,,ICD10 Original mention codes
nhse_engwal_deaths,S_COD_CODE_15,string,,ICD10_coding,yes,,,,Our Future Health Linked NHS Death Data,S_COD_CODE_15,,ICD10 Original mention codes
nhse_engwal_deaths,S_COD_CODE_2,string,,ICD10_coding,yes,,,,Our Future Health Linked NHS Death Data,S_COD_CODE_2,,ICD10 Original mention codes
nhse_engwal_deaths,S_COD_CODE_3,string,,ICD10_coding,yes,,,,Our Future Health Linked NHS Death Data,S_COD_CODE_3,,ICD10 Original mention codes
nhse_engwal_deaths,S_COD_CODE_4,string,,ICD10_coding,yes,,,,Our Future Health Linked NHS Death Data,S_COD_CODE_4,,ICD10 Original mention codes
nhse_engwal_deaths,S_COD_CODE_5,string,,ICD10_coding,yes,,,,Our Future Health Linked NHS Death Data,S_COD_CODE_5,,ICD10 Original mention codes
nhse_engwal_deaths,S_COD_CODE_6,string,,ICD10_coding,yes,,,,Our Future Health Linked NHS Death Data,S_COD_CODE_6,,ICD10 Original mention codes
nhse_engwal_deaths,S_COD_CODE_7,string,,ICD10_coding,yes,,,,Our Future Health Linked NHS Death Data,S_COD_CODE_7,,ICD10 Original mention codes
nhse_engwal_deaths,S_COD_CODE_8,string,,ICD10_coding,yes,,,,Our Future Health Linked NHS Death Data,S_COD_CODE_8,,ICD10 Original mention codes
nhse_engwal_deaths,S_COD_CODE_9,string,,ICD10_coding,yes,,,,Our Future Health Linked NHS Death Data,S_COD_CODE_9,,ICD10 Original mention codes
nhse_engwal_deaths,S_UNDERLYING_COD_ICD10,string,,ICD10_coding,yes,,,,Our Future Health Linked NHS Death Data,S_UNDERLYING_COD_ICD10,,ICD10 Original Underlying code
participant_nhs_linked,PID,string,,,,,participant:PID,many_to_one,Our Future Health Linked Participant,PID,,Participant ID
participant_nhs_linked,ROW_ID,string,local,,,,,,Our Future Health Linked Participant,ROW_ID,,OFH generated local key
country_region,ID,string,local,,,,,,Participant Country and Region > Country and Region,ID,,Row ID
country_region,PID,string,,,,,participant:PID,many_to_one,Participant Country and Region > Country and Region,PID,,Participant ID
country_region,COUNTRY_AT_REG,string,,COUNTRY_AT_REG,,,,,Participant Country and Region > Country and Region,COUNTRY_AT_REG,,Participants' country at the time of registration.
country_region,REGION_AT_REG,string,,REGION_AT_REG,,,,,Participant Country and Region > Country and Region,REGION_AT_REG,,Participants' region at the time of registration.
msoa,PID,string,,,,,participant:PID,many_to_one,Participant Geographies > MSOA,PID,,Participant ID
msoa,ID,string,local,,,,,,Participant Geographies > MSOA,ID,,Row ID
msoa,MSOA_AT_REG,string,,MSOA_AT_REG,,,,,Participant Geographies > MSOA,MSOA_AT_REG,,Middle Super Output Area (MSOA) of participants living in England and Wales at the time of registration
lsoa,PID,string,,,,,participant:PID,many_to_one,Participant Geographies > LSOA,PID,,Participant ID
lsoa,ID,string,local,,,,,,Participant Geographies > LSOA,ID,,Row ID
lsoa,LSOA_AT_REG,string,,LSOA_AT_REG,,,,,Participant Geographies > LSOA,LSOA_AT_REG,,Lower Super Output Area (LSOA) of participants living in England and Wales at the time of registration
intermediate_zones,PID,string,,,,,participant:PID,many_to_one,Participant Geographies > Intermediate Zones (IZ),PID,,Participant ID
intermediate_zones,ID,string,local,,,,,,Participant Geographies > Intermediate Zones (IZ),ID,,Row ID
intermediate_zones,IZ_AT_REG,string,,IZ_AT_REG,,,,,Participant Geographies > Intermediate Zones (IZ),IZ_AT_REG,,Intermediate Zones (IZ) of participants living in Scotland at the time of registration.
